OMRÅDE;KØN;ALDER;TID;INDHOLD
Hvidovre;I alt;Alder i alt;2025M01;53760
Hvidovre;I alt;Alder i alt;2025M02;53721
Hvidovre;I alt;Alder i alt;2025M03;53775
Hvidovre;I alt;Alder i alt;2025M04;53757
Hvidovre;I alt;Alder i alt;2025M05;53821
Hvidovre;I alt;Alder i alt;2025M06;53938
Hvidovre;I alt;Alder i alt;2025M07;53973
Hvidovre;I alt;Alder i alt;2025M08;54007
Hvidovre;I alt;Alder i alt;2025M09;54066
Hvidovre;I alt;Alder i alt;2025M10;54155
Hvidovre;I alt;Alder i alt;2025M11;54250
Hvidovre;I alt;Alder i alt;2025M12;54306
Hvidovre;I alt;Alder i alt;2026M01;54228
Hvidovre;I alt;Alder i alt;2026M02;54210
Hvidovre;I alt;Alder i alt;2026M03;54175
Hvidovre;I alt;Alder i alt;2026M04;54152
Hvidovre;I alt;0 år;2025M01;505
Hvidovre;I alt;0 år;2025M02;501
Hvidovre;I alt;0 år;2025M03;496
Hvidovre;I alt;0 år;2025M04;493
Hvidovre;I alt;0 år;2025M05;497
Hvidovre;I alt;0 år;2025M06;473
Hvidovre;I alt;0 år;2025M07;492
Hvidovre;I alt;0 år;2025M08;514
Hvidovre;I alt;0 år;2025M09;525
Hvidovre;I alt;0 år;2025M10;537
Hvidovre;I alt;0 år;2025M11;535
Hvidovre;I alt;0 år;2025M12;532
Hvidovre;I alt;0 år;2026M01;513
Hvidovre;I alt;0 år;2026M02;514
Hvidovre;I alt;0 år;2026M03;509
Hvidovre;I alt;0 år;2026M04;513
Hvidovre;I alt;1 år;2025M01;588
Hvidovre;I alt;1 år;2025M02;583
Hvidovre;I alt;1 år;2025M03;577
Hvidovre;I alt;1 år;2025M04;577
Hvidovre;I alt;1 år;2025M05;559
Hvidovre;I alt;1 år;2025M06;578
Hvidovre;I alt;1 år;2025M07;565
Hvidovre;I alt;1 år;2025M08;549
Hvidovre;I alt;1 år;2025M09;517
Hvidovre;I alt;1 år;2025M10;511
Hvidovre;I alt;1 år;2025M11;509
Hvidovre;I alt;1 år;2025M12;520
Hvidovre;I alt;1 år;2026M01;520
Hvidovre;I alt;1 år;2026M02;518
Hvidovre;I alt;1 år;2026M03;510
Hvidovre;I alt;1 år;2026M04;507
Hvidovre;I alt;2 år;2025M01;570
Hvidovre;I alt;2 år;2025M02;576
Hvidovre;I alt;2 år;2025M03;588
Hvidovre;I alt;2 år;2025M04;571
Hvidovre;I alt;2 år;2025M05;577
Hvidovre;I alt;2 år;2025M06;580
Hvidovre;I alt;2 år;2025M07;579
Hvidovre;I alt;2 år;2025M08;584
Hvidovre;I alt;2 år;2025M09;594
Hvidovre;I alt;2 år;2025M10;600
Hvidovre;I alt;2 år;2025M11;599
Hvidovre;I alt;2 år;2025M12;591
Hvidovre;I alt;2 år;2026M01;593
Hvidovre;I alt;2 år;2026M02;585
Hvidovre;I alt;2 år;2026M03;582
Hvidovre;I alt;2 år;2026M04;582
Hvidovre;I alt;3 år;2025M01;659
Hvidovre;I alt;3 år;2025M02;658
Hvidovre;I alt;3 år;2025M03;647
Hvidovre;I alt;3 år;2025M04;636
Hvidovre;I alt;3 år;2025M05;627
Hvidovre;I alt;3 år;2025M06;629
Hvidovre;I alt;3 år;2025M07;623
Hvidovre;I alt;3 år;2025M08;628
Hvidovre;I alt;3 år;2025M09;608
Hvidovre;I alt;3 år;2025M10;610
Hvidovre;I alt;3 år;2025M11;599
Hvidovre;I alt;3 år;2025M12;596
Hvidovre;I alt;3 år;2026M01;585
Hvidovre;I alt;3 år;2026M02;586
Hvidovre;I alt;3 år;2026M03;596
Hvidovre;I alt;3 år;2026M04;583
Hvidovre;I alt;4 år;2025M01;646
Hvidovre;I alt;4 år;2025M02;633
Hvidovre;I alt;4 år;2025M03;639
Hvidovre;I alt;4 år;2025M04;655
Hvidovre;I alt;4 år;2025M05;643
Hvidovre;I alt;4 år;2025M06;643
Hvidovre;I alt;4 år;2025M07;644
Hvidovre;I alt;4 år;2025M08;644
Hvidovre;I alt;4 år;2025M09;649
Hvidovre;I alt;4 år;2025M10;653
Hvidovre;I alt;4 år;2025M11;663
Hvidovre;I alt;4 år;2025M12;672
Hvidovre;I alt;4 år;2026M01;681
Hvidovre;I alt;4 år;2026M02;680
Hvidovre;I alt;4 år;2026M03;660
Hvidovre;I alt;4 år;2026M04;647
Hvidovre;I alt;5 år;2025M01;650
Hvidovre;I alt;5 år;2025M02;658
Hvidovre;I alt;5 år;2025M03;651
Hvidovre;I alt;5 år;2025M04;653
Hvidovre;I alt;5 år;2025M05;659
Hvidovre;I alt;5 år;2025M06;649
Hvidovre;I alt;5 år;2025M07;644
Hvidovre;I alt;5 år;2025M08;646
Hvidovre;I alt;5 år;2025M09;650
Hvidovre;I alt;5 år;2025M10;650
Hvidovre;I alt;5 år;2025M11;645
Hvidovre;I alt;5 år;2025M12;641
Hvidovre;I alt;5 år;2026M01;658
Hvidovre;I alt;5 år;2026M02;650
Hvidovre;I alt;5 år;2026M03;660
Hvidovre;I alt;5 år;2026M04;679
Hvidovre;I alt;6 år;2025M01;710
Hvidovre;I alt;6 år;2025M02;694
Hvidovre;I alt;6 år;2025M03;692
Hvidovre;I alt;6 år;2025M04;674
Hvidovre;I alt;6 år;2025M05;674
Hvidovre;I alt;6 år;2025M06;694
Hvidovre;I alt;6 år;2025M07;697
Hvidovre;I alt;6 år;2025M08;701
Hvidovre;I alt;6 år;2025M09;704
Hvidovre;I alt;6 år;2025M10;686
Hvidovre;I alt;6 år;2025M11;682
Hvidovre;I alt;6 år;2025M12;681
Hvidovre;I alt;6 år;2026M01;664
Hvidovre;I alt;6 år;2026M02;674
Hvidovre;I alt;6 år;2026M03;667
Hvidovre;I alt;6 år;2026M04;660
Hvidovre;I alt;7 år;2025M01;764
Hvidovre;I alt;7 år;2025M02;776
Hvidovre;I alt;7 år;2025M03;783
Hvidovre;I alt;7 år;2025M04;789
Hvidovre;I alt;7 år;2025M05;778
Hvidovre;I alt;7 år;2025M06;775
Hvidovre;I alt;7 år;2025M07;750
Hvidovre;I alt;7 år;2025M08;730
Hvidovre;I alt;7 år;2025M09;720
Hvidovre;I alt;7 år;2025M10;720
Hvidovre;I alt;7 år;2025M11;727
Hvidovre;I alt;7 år;2025M12;718
Hvidovre;I alt;7 år;2026M01;705
Hvidovre;I alt;7 år;2026M02;689
Hvidovre;I alt;7 år;2026M03;686
Hvidovre;I alt;7 år;2026M04;672
Hvidovre;I alt;8 år;2025M01;682
Hvidovre;I alt;8 år;2025M02;689
Hvidovre;I alt;8 år;2025M03;674
Hvidovre;I alt;8 år;2025M04;695
Hvidovre;I alt;8 år;2025M05;721
Hvidovre;I alt;8 år;2025M06;716
Hvidovre;I alt;8 år;2025M07;722
Hvidovre;I alt;8 år;2025M08;729
Hvidovre;I alt;8 år;2025M09;740
Hvidovre;I alt;8 år;2025M10;747
Hvidovre;I alt;8 år;2025M11;757
Hvidovre;I alt;8 år;2025M12;773
Hvidovre;I alt;8 år;2026M01;771
Hvidovre;I alt;8 år;2026M02;782
Hvidovre;I alt;8 år;2026M03;790
Hvidovre;I alt;8 år;2026M04;788
Hvidovre;I alt;9 år;2025M01;682
Hvidovre;I alt;9 år;2025M02;673
Hvidovre;I alt;9 år;2025M03;698
Hvidovre;I alt;9 år;2025M04;692
Hvidovre;I alt;9 år;2025M05;699
Hvidovre;I alt;9 år;2025M06;701
Hvidovre;I alt;9 år;2025M07;727
Hvidovre;I alt;9 år;2025M08;728
Hvidovre;I alt;9 år;2025M09;710
Hvidovre;I alt;9 år;2025M10;703
Hvidovre;I alt;9 år;2025M11;694
Hvidovre;I alt;9 år;2025M12;676
Hvidovre;I alt;9 år;2026M01;676
Hvidovre;I alt;9 år;2026M02;690
Hvidovre;I alt;9 år;2026M03;677
Hvidovre;I alt;9 år;2026M04;692
Hvidovre;I alt;10 år;2025M01;713
Hvidovre;I alt;10 år;2025M02;699
Hvidovre;I alt;10 år;2025M03;685
Hvidovre;I alt;10 år;2025M04;684
Hvidovre;I alt;10 år;2025M05;666
Hvidovre;I alt;10 år;2025M06;658
Hvidovre;I alt;10 år;2025M07;640
Hvidovre;I alt;10 år;2025M08;633
Hvidovre;I alt;10 år;2025M09;654
Hvidovre;I alt;10 år;2025M10;659
Hvidovre;I alt;10 år;2025M11;664
Hvidovre;I alt;10 år;2025M12;686
Hvidovre;I alt;10 år;2026M01;688
Hvidovre;I alt;10 år;2026M02;679
Hvidovre;I alt;10 år;2026M03;703
Hvidovre;I alt;10 år;2026M04;698
Hvidovre;I alt;11 år;2025M01;662
Hvidovre;I alt;11 år;2025M02;678
Hvidovre;I alt;11 år;2025M03;670
Hvidovre;I alt;11 år;2025M04;663
Hvidovre;I alt;11 år;2025M05;675
Hvidovre;I alt;11 år;2025M06;693
Hvidovre;I alt;11 år;2025M07;678
Hvidovre;I alt;11 år;2025M08;689
Hvidovre;I alt;11 år;2025M09;686
Hvidovre;I alt;11 år;2025M10;693
Hvidovre;I alt;11 år;2025M11;703
Hvidovre;I alt;11 år;2025M12;695
Hvidovre;I alt;11 år;2026M01;703
Hvidovre;I alt;11 år;2026M02;695
Hvidovre;I alt;11 år;2026M03;689
Hvidovre;I alt;11 år;2026M04;688
Hvidovre;I alt;12 år;2025M01;629
Hvidovre;I alt;12 år;2025M02;642
Hvidovre;I alt;12 år;2025M03;655
Hvidovre;I alt;12 år;2025M04;661
Hvidovre;I alt;12 år;2025M05;659
Hvidovre;I alt;12 år;2025M06;653
Hvidovre;I alt;12 år;2025M07;669
Hvidovre;I alt;12 år;2025M08;678
Hvidovre;I alt;12 år;2025M09;660
Hvidovre;I alt;12 år;2025M10;667
Hvidovre;I alt;12 år;2025M11;666
Hvidovre;I alt;12 år;2025M12;662
Hvidovre;I alt;12 år;2026M01;669
Hvidovre;I alt;12 år;2026M02;679
Hvidovre;I alt;12 år;2026M03;669
Hvidovre;I alt;12 år;2026M04;666
Hvidovre;I alt;13 år;2025M01;685
Hvidovre;I alt;13 år;2025M02;661
Hvidovre;I alt;13 år;2025M03;657
Hvidovre;I alt;13 år;2025M04;653
Hvidovre;I alt;13 år;2025M05;655
Hvidovre;I alt;13 år;2025M06;657
Hvidovre;I alt;13 år;2025M07;655
Hvidovre;I alt;13 år;2025M08;652
Hvidovre;I alt;13 år;2025M09;649
Hvidovre;I alt;13 år;2025M10;627
Hvidovre;I alt;13 år;2025M11;627
Hvidovre;I alt;13 år;2025M12;633
Hvidovre;I alt;13 år;2026M01;624
Hvidovre;I alt;13 år;2026M02;636
Hvidovre;I alt;13 år;2026M03;651
Hvidovre;I alt;13 år;2026M04;655
Hvidovre;I alt;14 år;2025M01;740
Hvidovre;I alt;14 år;2025M02;747
Hvidovre;I alt;14 år;2025M03;732
Hvidovre;I alt;14 år;2025M04;717
Hvidovre;I alt;14 år;2025M05;723
Hvidovre;I alt;14 år;2025M06;702
Hvidovre;I alt;14 år;2025M07;704
Hvidovre;I alt;14 år;2025M08;693
Hvidovre;I alt;14 år;2025M09;686
Hvidovre;I alt;14 år;2025M10;689
Hvidovre;I alt;14 år;2025M11;688
Hvidovre;I alt;14 år;2025M12;686
Hvidovre;I alt;14 år;2026M01;685
Hvidovre;I alt;14 år;2026M02;661
Hvidovre;I alt;14 år;2026M03;658
Hvidovre;I alt;14 år;2026M04;651
Hvidovre;I alt;15 år;2025M01;642
Hvidovre;I alt;15 år;2025M02;643
Hvidovre;I alt;15 år;2025M03;663
Hvidovre;I alt;15 år;2025M04;689
Hvidovre;I alt;15 år;2025M05;668
Hvidovre;I alt;15 år;2025M06;686
Hvidovre;I alt;15 år;2025M07;689
Hvidovre;I alt;15 år;2025M08;700
Hvidovre;I alt;15 år;2025M09;714
Hvidovre;I alt;15 år;2025M10;732
Hvidovre;I alt;15 år;2025M11;736
Hvidovre;I alt;15 år;2025M12;738
Hvidovre;I alt;15 år;2026M01;739
Hvidovre;I alt;15 år;2026M02;750
Hvidovre;I alt;15 år;2026M03;740
Hvidovre;I alt;15 år;2026M04;721
Hvidovre;I alt;16 år;2025M01;689
Hvidovre;I alt;16 år;2025M02;695
Hvidovre;I alt;16 år;2025M03;685
Hvidovre;I alt;16 år;2025M04;678
Hvidovre;I alt;16 år;2025M05;688
Hvidovre;I alt;16 år;2025M06;690
Hvidovre;I alt;16 år;2025M07;683
Hvidovre;I alt;16 år;2025M08;692
Hvidovre;I alt;16 år;2025M09;673
Hvidovre;I alt;16 år;2025M10;658
Hvidovre;I alt;16 år;2025M11;655
Hvidovre;I alt;16 år;2025M12;649
Hvidovre;I alt;16 år;2026M01;638
Hvidovre;I alt;16 år;2026M02;635
Hvidovre;I alt;16 år;2026M03;651
Hvidovre;I alt;16 år;2026M04;684
Hvidovre;I alt;17 år;2025M01;637
Hvidovre;I alt;17 år;2025M02;620
Hvidovre;I alt;17 år;2025M03;637
Hvidovre;I alt;17 år;2025M04;648
Hvidovre;I alt;17 år;2025M05;647
Hvidovre;I alt;17 år;2025M06;656
Hvidovre;I alt;17 år;2025M07;666
Hvidovre;I alt;17 år;2025M08;659
Hvidovre;I alt;17 år;2025M09;666
Hvidovre;I alt;17 år;2025M10;663
Hvidovre;I alt;17 år;2025M11;669
Hvidovre;I alt;17 år;2025M12;689
Hvidovre;I alt;17 år;2026M01;697
Hvidovre;I alt;17 år;2026M02;705
Hvidovre;I alt;17 år;2026M03;698
Hvidovre;I alt;17 år;2026M04;686
Hvidovre;I alt;18 år;2025M01;696
Hvidovre;I alt;18 år;2025M02;694
Hvidovre;I alt;18 år;2025M03;676
Hvidovre;I alt;18 år;2025M04;670
Hvidovre;I alt;18 år;2025M05;677
Hvidovre;I alt;18 år;2025M06;672
Hvidovre;I alt;18 år;2025M07;663
Hvidovre;I alt;18 år;2025M08;666
Hvidovre;I alt;18 år;2025M09;665
Hvidovre;I alt;18 år;2025M10;664
Hvidovre;I alt;18 år;2025M11;675
Hvidovre;I alt;18 år;2025M12;650
Hvidovre;I alt;18 år;2026M01;663
Hvidovre;I alt;18 år;2026M02;641
Hvidovre;I alt;18 år;2026M03;658
Hvidovre;I alt;18 år;2026M04;669
Hvidovre;I alt;19 år;2025M01;651
Hvidovre;I alt;19 år;2025M02;644
Hvidovre;I alt;19 år;2025M03;642
Hvidovre;I alt;19 år;2025M04;625
Hvidovre;I alt;19 år;2025M05;620
Hvidovre;I alt;19 år;2025M06;609
Hvidovre;I alt;19 år;2025M07;609
Hvidovre;I alt;19 år;2025M08;617
Hvidovre;I alt;19 år;2025M09;640
Hvidovre;I alt;19 år;2025M10;683
Hvidovre;I alt;19 år;2025M11;693
Hvidovre;I alt;19 år;2025M12;715
Hvidovre;I alt;19 år;2026M01;704
Hvidovre;I alt;19 år;2026M02;711
Hvidovre;I alt;19 år;2026M03;689
Hvidovre;I alt;19 år;2026M04;690
Hvidovre;I alt;20 år;2025M01;630
Hvidovre;I alt;20 år;2025M02;645
Hvidovre;I alt;20 år;2025M03;657
Hvidovre;I alt;20 år;2025M04;660
Hvidovre;I alt;20 år;2025M05;688
Hvidovre;I alt;20 år;2025M06;693
Hvidovre;I alt;20 år;2025M07;689
Hvidovre;I alt;20 år;2025M08;670
Hvidovre;I alt;20 år;2025M09;666
Hvidovre;I alt;20 år;2025M10;673
Hvidovre;I alt;20 år;2025M11;671
Hvidovre;I alt;20 år;2025M12;671
Hvidovre;I alt;20 år;2026M01;667
Hvidovre;I alt;20 år;2026M02;667
Hvidovre;I alt;20 år;2026M03;657
Hvidovre;I alt;20 år;2026M04;635
Hvidovre;I alt;21 år;2025M01;616
Hvidovre;I alt;21 år;2025M02;629
Hvidovre;I alt;21 år;2025M03;627
Hvidovre;I alt;21 år;2025M04;629
Hvidovre;I alt;21 år;2025M05;620
Hvidovre;I alt;21 år;2025M06;625
Hvidovre;I alt;21 år;2025M07;636
Hvidovre;I alt;21 år;2025M08;643
Hvidovre;I alt;21 år;2025M09;633
Hvidovre;I alt;21 år;2025M10;629
Hvidovre;I alt;21 år;2025M11;621
Hvidovre;I alt;21 år;2025M12;625
Hvidovre;I alt;21 år;2026M01;618
Hvidovre;I alt;21 år;2026M02;621
Hvidovre;I alt;21 år;2026M03;632
Hvidovre;I alt;21 år;2026M04;659
Hvidovre;I alt;22 år;2025M01;574
Hvidovre;I alt;22 år;2025M02;563
Hvidovre;I alt;22 år;2025M03;561
Hvidovre;I alt;22 år;2025M04;543
Hvidovre;I alt;22 år;2025M05;558
Hvidovre;I alt;22 år;2025M06;568
Hvidovre;I alt;22 år;2025M07;573
Hvidovre;I alt;22 år;2025M08;583
Hvidovre;I alt;22 år;2025M09;621
Hvidovre;I alt;22 år;2025M10;652
Hvidovre;I alt;22 år;2025M11;670
Hvidovre;I alt;22 år;2025M12;689
Hvidovre;I alt;22 år;2026M01;681
Hvidovre;I alt;22 år;2026M02;683
Hvidovre;I alt;22 år;2026M03;681
Hvidovre;I alt;22 år;2026M04;659
Hvidovre;I alt;23 år;2025M01;637
Hvidovre;I alt;23 år;2025M02;639
Hvidovre;I alt;23 år;2025M03;639
Hvidovre;I alt;23 år;2025M04;640
Hvidovre;I alt;23 år;2025M05;640
Hvidovre;I alt;23 år;2025M06;624
Hvidovre;I alt;23 år;2025M07;602
Hvidovre;I alt;23 år;2025M08;583
Hvidovre;I alt;23 år;2025M09;586
Hvidovre;I alt;23 år;2025M10;582
Hvidovre;I alt;23 år;2025M11;571
Hvidovre;I alt;23 år;2025M12;547
Hvidovre;I alt;23 år;2026M01;549
Hvidovre;I alt;23 år;2026M02;556
Hvidovre;I alt;23 år;2026M03;570
Hvidovre;I alt;23 år;2026M04;564
Hvidovre;I alt;24 år;2025M01;633
Hvidovre;I alt;24 år;2025M02;628
Hvidovre;I alt;24 år;2025M03;623
Hvidovre;I alt;24 år;2025M04;638
Hvidovre;I alt;24 år;2025M05;641
Hvidovre;I alt;24 år;2025M06;646
Hvidovre;I alt;24 år;2025M07;649
Hvidovre;I alt;24 år;2025M08;656
Hvidovre;I alt;24 år;2025M09;653
Hvidovre;I alt;24 år;2025M10;649
Hvidovre;I alt;24 år;2025M11;648
Hvidovre;I alt;24 år;2025M12;653
Hvidovre;I alt;24 år;2026M01;646
Hvidovre;I alt;24 år;2026M02;649
Hvidovre;I alt;24 år;2026M03;638
Hvidovre;I alt;24 år;2026M04;631
Hvidovre;I alt;25 år;2025M01;595
Hvidovre;I alt;25 år;2025M02;590
Hvidovre;I alt;25 år;2025M03;611
Hvidovre;I alt;25 år;2025M04;600
Hvidovre;I alt;25 år;2025M05;599
Hvidovre;I alt;25 år;2025M06;597
Hvidovre;I alt;25 år;2025M07;588
Hvidovre;I alt;25 år;2025M08;593
Hvidovre;I alt;25 år;2025M09;608
Hvidovre;I alt;25 år;2025M10;622
Hvidovre;I alt;25 år;2025M11;629
Hvidovre;I alt;25 år;2025M12;640
Hvidovre;I alt;25 år;2026M01;655
Hvidovre;I alt;25 år;2026M02;640
Hvidovre;I alt;25 år;2026M03;612
Hvidovre;I alt;25 år;2026M04;626
Hvidovre;I alt;26 år;2025M01;560
Hvidovre;I alt;26 år;2025M02;575
Hvidovre;I alt;26 år;2025M03;571
Hvidovre;I alt;26 år;2025M04;581
Hvidovre;I alt;26 år;2025M05;579
Hvidovre;I alt;26 år;2025M06;598
Hvidovre;I alt;26 år;2025M07;626
Hvidovre;I alt;26 år;2025M08;620
Hvidovre;I alt;26 år;2025M09;639
Hvidovre;I alt;26 år;2025M10;635
Hvidovre;I alt;26 år;2025M11;620
Hvidovre;I alt;26 år;2025M12;619
Hvidovre;I alt;26 år;2026M01;625
Hvidovre;I alt;26 år;2026M02;627
Hvidovre;I alt;26 år;2026M03;649
Hvidovre;I alt;26 år;2026M04;619
Hvidovre;I alt;27 år;2025M01;619
Hvidovre;I alt;27 år;2025M02;599
Hvidovre;I alt;27 år;2025M03;614
Hvidovre;I alt;27 år;2025M04;606
Hvidovre;I alt;27 år;2025M05;592
Hvidovre;I alt;27 år;2025M06;593
Hvidovre;I alt;27 år;2025M07;594
Hvidovre;I alt;27 år;2025M08;612
Hvidovre;I alt;27 år;2025M09;591
Hvidovre;I alt;27 år;2025M10;581
Hvidovre;I alt;27 år;2025M11;595
Hvidovre;I alt;27 år;2025M12;594
Hvidovre;I alt;27 år;2026M01;578
Hvidovre;I alt;27 år;2026M02;599
Hvidovre;I alt;27 år;2026M03;586
Hvidovre;I alt;27 år;2026M04;607
Hvidovre;I alt;28 år;2025M01;579
Hvidovre;I alt;28 år;2025M02;583
Hvidovre;I alt;28 år;2025M03;585
Hvidovre;I alt;28 år;2025M04;598
Hvidovre;I alt;28 år;2025M05;625
Hvidovre;I alt;28 år;2025M06;627
Hvidovre;I alt;28 år;2025M07;612
Hvidovre;I alt;28 år;2025M08;611
Hvidovre;I alt;28 år;2025M09;635
Hvidovre;I alt;28 år;2025M10;635
Hvidovre;I alt;28 år;2025M11;640
Hvidovre;I alt;28 år;2025M12;637
Hvidovre;I alt;28 år;2026M01;629
Hvidovre;I alt;28 år;2026M02;613
Hvidovre;I alt;28 år;2026M03;612
Hvidovre;I alt;28 år;2026M04;598
Hvidovre;I alt;29 år;2025M01;645
Hvidovre;I alt;29 år;2025M02;640
Hvidovre;I alt;29 år;2025M03;624
Hvidovre;I alt;29 år;2025M04;619
Hvidovre;I alt;29 år;2025M05;626
Hvidovre;I alt;29 år;2025M06;624
Hvidovre;I alt;29 år;2025M07;625
Hvidovre;I alt;29 år;2025M08;598
Hvidovre;I alt;29 år;2025M09;585
Hvidovre;I alt;29 år;2025M10;577
Hvidovre;I alt;29 år;2025M11;585
Hvidovre;I alt;29 år;2025M12;586
Hvidovre;I alt;29 år;2026M01;592
Hvidovre;I alt;29 år;2026M02;600
Hvidovre;I alt;29 år;2026M03;615
Hvidovre;I alt;29 år;2026M04;624
Hvidovre;I alt;30 år;2025M01;655
Hvidovre;I alt;30 år;2025M02;648
Hvidovre;I alt;30 år;2025M03;659
Hvidovre;I alt;30 år;2025M04;670
Hvidovre;I alt;30 år;2025M05;651
Hvidovre;I alt;30 år;2025M06;650
Hvidovre;I alt;30 år;2025M07;643
Hvidovre;I alt;30 år;2025M08;667
Hvidovre;I alt;30 år;2025M09;683
Hvidovre;I alt;30 år;2025M10;694
Hvidovre;I alt;30 år;2025M11;693
Hvidovre;I alt;30 år;2025M12;688
Hvidovre;I alt;30 år;2026M01;665
Hvidovre;I alt;30 år;2026M02;659
Hvidovre;I alt;30 år;2026M03;651
Hvidovre;I alt;30 år;2026M04;657
Hvidovre;I alt;31 år;2025M01;616
Hvidovre;I alt;31 år;2025M02;634
Hvidovre;I alt;31 år;2025M03;640
Hvidovre;I alt;31 år;2025M04;630
Hvidovre;I alt;31 år;2025M05;642
Hvidovre;I alt;31 år;2025M06;653
Hvidovre;I alt;31 år;2025M07;663
Hvidovre;I alt;31 år;2025M08;644
Hvidovre;I alt;31 år;2025M09;647
Hvidovre;I alt;31 år;2025M10;644
Hvidovre;I alt;31 år;2025M11;647
Hvidovre;I alt;31 år;2025M12;662
Hvidovre;I alt;31 år;2026M01;672
Hvidovre;I alt;31 år;2026M02;676
Hvidovre;I alt;31 år;2026M03;677
Hvidovre;I alt;31 år;2026M04;695
Hvidovre;I alt;32 år;2025M01;683
Hvidovre;I alt;32 år;2025M02;685
Hvidovre;I alt;32 år;2025M03;681
Hvidovre;I alt;32 år;2025M04;669
Hvidovre;I alt;32 år;2025M05;667
Hvidovre;I alt;32 år;2025M06;659
Hvidovre;I alt;32 år;2025M07;646
Hvidovre;I alt;32 år;2025M08;646
Hvidovre;I alt;32 år;2025M09;635
Hvidovre;I alt;32 år;2025M10;648
Hvidovre;I alt;32 år;2025M11;646
Hvidovre;I alt;32 år;2025M12;630
Hvidovre;I alt;32 år;2026M01;633
Hvidovre;I alt;32 år;2026M02;640
Hvidovre;I alt;32 år;2026M03;653
Hvidovre;I alt;32 år;2026M04;646
Hvidovre;I alt;33 år;2025M01;694
Hvidovre;I alt;33 år;2025M02;683
Hvidovre;I alt;33 år;2025M03;701
Hvidovre;I alt;33 år;2025M04;714
Hvidovre;I alt;33 år;2025M05;718
Hvidovre;I alt;33 år;2025M06;721
Hvidovre;I alt;33 år;2025M07;736
Hvidovre;I alt;33 år;2025M08;744
Hvidovre;I alt;33 år;2025M09;744
Hvidovre;I alt;33 år;2025M10;732
Hvidovre;I alt;33 år;2025M11;733
Hvidovre;I alt;33 år;2025M12;715
Hvidovre;I alt;33 år;2026M01;709
Hvidovre;I alt;33 år;2026M02;711
Hvidovre;I alt;33 år;2026M03;693
Hvidovre;I alt;33 år;2026M04;683
Hvidovre;I alt;34 år;2025M01;735
Hvidovre;I alt;34 år;2025M02;724
Hvidovre;I alt;34 år;2025M03;729
Hvidovre;I alt;34 år;2025M04;715
Hvidovre;I alt;34 år;2025M05;705
Hvidovre;I alt;34 år;2025M06;709
Hvidovre;I alt;34 år;2025M07;727
Hvidovre;I alt;34 år;2025M08;731
Hvidovre;I alt;34 år;2025M09;725
Hvidovre;I alt;34 år;2025M10;739
Hvidovre;I alt;34 år;2025M11;734
Hvidovre;I alt;34 år;2025M12;747
Hvidovre;I alt;34 år;2026M01;733
Hvidovre;I alt;34 år;2026M02;718
Hvidovre;I alt;34 år;2026M03;726
Hvidovre;I alt;34 år;2026M04;734
Hvidovre;I alt;35 år;2025M01;771
Hvidovre;I alt;35 år;2025M02;776
Hvidovre;I alt;35 år;2025M03;750
Hvidovre;I alt;35 år;2025M04;758
Hvidovre;I alt;35 år;2025M05;755
Hvidovre;I alt;35 år;2025M06;764
Hvidovre;I alt;35 år;2025M07;756
Hvidovre;I alt;35 år;2025M08;754
Hvidovre;I alt;35 år;2025M09;744
Hvidovre;I alt;35 år;2025M10;744
Hvidovre;I alt;35 år;2025M11;739
Hvidovre;I alt;35 år;2025M12;741
Hvidovre;I alt;35 år;2026M01;771
Hvidovre;I alt;35 år;2026M02;774
Hvidovre;I alt;35 år;2026M03;769
Hvidovre;I alt;35 år;2026M04;757
Hvidovre;I alt;36 år;2025M01;802
Hvidovre;I alt;36 år;2025M02;804
Hvidovre;I alt;36 år;2025M03;816
Hvidovre;I alt;36 år;2025M04;797
Hvidovre;I alt;36 år;2025M05;801
Hvidovre;I alt;36 år;2025M06;798
Hvidovre;I alt;36 år;2025M07;794
Hvidovre;I alt;36 år;2025M08;791
Hvidovre;I alt;36 år;2025M09;788
Hvidovre;I alt;36 år;2025M10;766
Hvidovre;I alt;36 år;2025M11;777
Hvidovre;I alt;36 år;2025M12;789
Hvidovre;I alt;36 år;2026M01;781
Hvidovre;I alt;36 år;2026M02;785
Hvidovre;I alt;36 år;2026M03;775
Hvidovre;I alt;36 år;2026M04;784
Hvidovre;I alt;37 år;2025M01;777
Hvidovre;I alt;37 år;2025M02;783
Hvidovre;I alt;37 år;2025M03;778
Hvidovre;I alt;37 år;2025M04;776
Hvidovre;I alt;37 år;2025M05;765
Hvidovre;I alt;37 år;2025M06;794
Hvidovre;I alt;37 år;2025M07;809
Hvidovre;I alt;37 år;2025M08;809
Hvidovre;I alt;37 år;2025M09;816
Hvidovre;I alt;37 år;2025M10;837
Hvidovre;I alt;37 år;2025M11;831
Hvidovre;I alt;37 år;2025M12;831
Hvidovre;I alt;37 år;2026M01;827
Hvidovre;I alt;37 år;2026M02;824
Hvidovre;I alt;37 år;2026M03;824
Hvidovre;I alt;37 år;2026M04;808
Hvidovre;I alt;38 år;2025M01;765
Hvidovre;I alt;38 år;2025M02;759
Hvidovre;I alt;38 år;2025M03;767
Hvidovre;I alt;38 år;2025M04;770
Hvidovre;I alt;38 år;2025M05;782
Hvidovre;I alt;38 år;2025M06;772
Hvidovre;I alt;38 år;2025M07;780
Hvidovre;I alt;38 år;2025M08;783
Hvidovre;I alt;38 år;2025M09;779
Hvidovre;I alt;38 år;2025M10;788
Hvidovre;I alt;38 år;2025M11;785
Hvidovre;I alt;38 år;2025M12;780
Hvidovre;I alt;38 år;2026M01;797
Hvidovre;I alt;38 år;2026M02;812
Hvidovre;I alt;38 år;2026M03;802
Hvidovre;I alt;38 år;2026M04;800
Hvidovre;I alt;39 år;2025M01;745
Hvidovre;I alt;39 år;2025M02;739
Hvidovre;I alt;39 år;2025M03;754
Hvidovre;I alt;39 år;2025M04;759
Hvidovre;I alt;39 år;2025M05;768
Hvidovre;I alt;39 år;2025M06;764
Hvidovre;I alt;39 år;2025M07;745
Hvidovre;I alt;39 år;2025M08;763
Hvidovre;I alt;39 år;2025M09;771
Hvidovre;I alt;39 år;2025M10;743
Hvidovre;I alt;39 år;2025M11;765
Hvidovre;I alt;39 år;2025M12;777
Hvidovre;I alt;39 år;2026M01;769
Hvidovre;I alt;39 år;2026M02;761
Hvidovre;I alt;39 år;2026M03;765
Hvidovre;I alt;39 år;2026M04;771
Hvidovre;I alt;40 år;2025M01;694
Hvidovre;I alt;40 år;2025M02;703
Hvidovre;I alt;40 år;2025M03;707
Hvidovre;I alt;40 år;2025M04;713
Hvidovre;I alt;40 år;2025M05;700
Hvidovre;I alt;40 år;2025M06;705
Hvidovre;I alt;40 år;2025M07;716
Hvidovre;I alt;40 år;2025M08;724
Hvidovre;I alt;40 år;2025M09;729
Hvidovre;I alt;40 år;2025M10;753
Hvidovre;I alt;40 år;2025M11;758
Hvidovre;I alt;40 år;2025M12;763
Hvidovre;I alt;40 år;2026M01;759
Hvidovre;I alt;40 år;2026M02;758
Hvidovre;I alt;40 år;2026M03;778
Hvidovre;I alt;40 år;2026M04;786
Hvidovre;I alt;41 år;2025M01;755
Hvidovre;I alt;41 år;2025M02;763
Hvidovre;I alt;41 år;2025M03;765
Hvidovre;I alt;41 år;2025M04;763
Hvidovre;I alt;41 år;2025M05;762
Hvidovre;I alt;41 år;2025M06;772
Hvidovre;I alt;41 år;2025M07;771
Hvidovre;I alt;41 år;2025M08;746
Hvidovre;I alt;41 år;2025M09;727
Hvidovre;I alt;41 år;2025M10;714
Hvidovre;I alt;41 år;2025M11;717
Hvidovre;I alt;41 år;2025M12;718
Hvidovre;I alt;41 år;2026M01;716
Hvidovre;I alt;41 år;2026M02;720
Hvidovre;I alt;41 år;2026M03;712
Hvidovre;I alt;41 år;2026M04;720
Hvidovre;I alt;42 år;2025M01;746
Hvidovre;I alt;42 år;2025M02;745
Hvidovre;I alt;42 år;2025M03;737
Hvidovre;I alt;42 år;2025M04;733
Hvidovre;I alt;42 år;2025M05;745
Hvidovre;I alt;42 år;2025M06;734
Hvidovre;I alt;42 år;2025M07;731
Hvidovre;I alt;42 år;2025M08;745
Hvidovre;I alt;42 år;2025M09;771
Hvidovre;I alt;42 år;2025M10;786
Hvidovre;I alt;42 år;2025M11;773
Hvidovre;I alt;42 år;2025M12;763
Hvidovre;I alt;42 år;2026M01;770
Hvidovre;I alt;42 år;2026M02;779
Hvidovre;I alt;42 år;2026M03;779
Hvidovre;I alt;42 år;2026M04;775
Hvidovre;I alt;43 år;2025M01;767
Hvidovre;I alt;43 år;2025M02;754
Hvidovre;I alt;43 år;2025M03;751
Hvidovre;I alt;43 år;2025M04;764
Hvidovre;I alt;43 år;2025M05;758
Hvidovre;I alt;43 år;2025M06;757
Hvidovre;I alt;43 år;2025M07;757
Hvidovre;I alt;43 år;2025M08;755
Hvidovre;I alt;43 år;2025M09;751
Hvidovre;I alt;43 år;2025M10;739
Hvidovre;I alt;43 år;2025M11;742
Hvidovre;I alt;43 år;2025M12;756
Hvidovre;I alt;43 år;2026M01;742
Hvidovre;I alt;43 år;2026M02;744
Hvidovre;I alt;43 år;2026M03;741
Hvidovre;I alt;43 år;2026M04;741
Hvidovre;I alt;44 år;2025M01;786
Hvidovre;I alt;44 år;2025M02;785
Hvidovre;I alt;44 år;2025M03;769
Hvidovre;I alt;44 år;2025M04;751
Hvidovre;I alt;44 år;2025M05;757
Hvidovre;I alt;44 år;2025M06;759
Hvidovre;I alt;44 år;2025M07;756
Hvidovre;I alt;44 år;2025M08;759
Hvidovre;I alt;44 år;2025M09;755
Hvidovre;I alt;44 år;2025M10;763
Hvidovre;I alt;44 år;2025M11;767
Hvidovre;I alt;44 år;2025M12;762
Hvidovre;I alt;44 år;2026M01;774
Hvidovre;I alt;44 år;2026M02;772
Hvidovre;I alt;44 år;2026M03;764
Hvidovre;I alt;44 år;2026M04;764
Hvidovre;I alt;45 år;2025M01;775
Hvidovre;I alt;45 år;2025M02;764
Hvidovre;I alt;45 år;2025M03;786
Hvidovre;I alt;45 år;2025M04;782
Hvidovre;I alt;45 år;2025M05;786
Hvidovre;I alt;45 år;2025M06;794
Hvidovre;I alt;45 år;2025M07;779
Hvidovre;I alt;45 år;2025M08;782
Hvidovre;I alt;45 år;2025M09;783
Hvidovre;I alt;45 år;2025M10;772
Hvidovre;I alt;45 år;2025M11;760
Hvidovre;I alt;45 år;2025M12;769
Hvidovre;I alt;45 år;2026M01;771
Hvidovre;I alt;45 år;2026M02;768
Hvidovre;I alt;45 år;2026M03;766
Hvidovre;I alt;45 år;2026M04;761
Hvidovre;I alt;46 år;2025M01;778
Hvidovre;I alt;46 år;2025M02;765
Hvidovre;I alt;46 år;2025M03;752
Hvidovre;I alt;46 år;2025M04;762
Hvidovre;I alt;46 år;2025M05;759
Hvidovre;I alt;46 år;2025M06;754
Hvidovre;I alt;46 år;2025M07;772
Hvidovre;I alt;46 år;2025M08;755
Hvidovre;I alt;46 år;2025M09;757
Hvidovre;I alt;46 år;2025M10;762
Hvidovre;I alt;46 år;2025M11;767
Hvidovre;I alt;46 år;2025M12;762
Hvidovre;I alt;46 år;2026M01;765
Hvidovre;I alt;46 år;2026M02;752
Hvidovre;I alt;46 år;2026M03;771
Hvidovre;I alt;46 år;2026M04;760
Hvidovre;I alt;47 år;2025M01;795
Hvidovre;I alt;47 år;2025M02;800
Hvidovre;I alt;47 år;2025M03;812
Hvidovre;I alt;47 år;2025M04;814
Hvidovre;I alt;47 år;2025M05;814
Hvidovre;I alt;47 år;2025M06;809
Hvidovre;I alt;47 år;2025M07;813
Hvidovre;I alt;47 år;2025M08;800
Hvidovre;I alt;47 år;2025M09;796
Hvidovre;I alt;47 år;2025M10;795
Hvidovre;I alt;47 år;2025M11;802
Hvidovre;I alt;47 år;2025M12;791
Hvidovre;I alt;47 år;2026M01;768
Hvidovre;I alt;47 år;2026M02;754
Hvidovre;I alt;47 år;2026M03;744
Hvidovre;I alt;47 år;2026M04;752
Hvidovre;I alt;48 år;2025M01;702
Hvidovre;I alt;48 år;2025M02;724
Hvidovre;I alt;48 år;2025M03;719
Hvidovre;I alt;48 år;2025M04;734
Hvidovre;I alt;48 år;2025M05;737
Hvidovre;I alt;48 år;2025M06;755
Hvidovre;I alt;48 år;2025M07;742
Hvidovre;I alt;48 år;2025M08;756
Hvidovre;I alt;48 år;2025M09;750
Hvidovre;I alt;48 år;2025M10;752
Hvidovre;I alt;48 år;2025M11;750
Hvidovre;I alt;48 år;2025M12;770
Hvidovre;I alt;48 år;2026M01;792
Hvidovre;I alt;48 år;2026M02;793
Hvidovre;I alt;48 år;2026M03;799
Hvidovre;I alt;48 år;2026M04;807
Hvidovre;I alt;49 år;2025M01;777
Hvidovre;I alt;49 år;2025M02;763
Hvidovre;I alt;49 år;2025M03;752
Hvidovre;I alt;49 år;2025M04;731
Hvidovre;I alt;49 år;2025M05;716
Hvidovre;I alt;49 år;2025M06;698
Hvidovre;I alt;49 år;2025M07;693
Hvidovre;I alt;49 år;2025M08;702
Hvidovre;I alt;49 år;2025M09;719
Hvidovre;I alt;49 år;2025M10;737
Hvidovre;I alt;49 år;2025M11;740
Hvidovre;I alt;49 år;2025M12;729
Hvidovre;I alt;49 år;2026M01;713
Hvidovre;I alt;49 år;2026M02;725
Hvidovre;I alt;49 år;2026M03;715
Hvidovre;I alt;49 år;2026M04;727
Hvidovre;I alt;50 år;2025M01;735
Hvidovre;I alt;50 år;2025M02;733
Hvidovre;I alt;50 år;2025M03;741
Hvidovre;I alt;50 år;2025M04;751
Hvidovre;I alt;50 år;2025M05;758
Hvidovre;I alt;50 år;2025M06;754
Hvidovre;I alt;50 år;2025M07;768
Hvidovre;I alt;50 år;2025M08;783
Hvidovre;I alt;50 år;2025M09;771
Hvidovre;I alt;50 år;2025M10;770
Hvidovre;I alt;50 år;2025M11;767
Hvidovre;I alt;50 år;2025M12;770
Hvidovre;I alt;50 år;2026M01;777
Hvidovre;I alt;50 år;2026M02;766
Hvidovre;I alt;50 år;2026M03;754
Hvidovre;I alt;50 år;2026M04;736
Hvidovre;I alt;51 år;2025M01;725
Hvidovre;I alt;51 år;2025M02;742
Hvidovre;I alt;51 år;2025M03;743
Hvidovre;I alt;51 år;2025M04;739
Hvidovre;I alt;51 år;2025M05;739
Hvidovre;I alt;51 år;2025M06;743
Hvidovre;I alt;51 år;2025M07;745
Hvidovre;I alt;51 år;2025M08;734
Hvidovre;I alt;51 år;2025M09;716
Hvidovre;I alt;51 år;2025M10;710
Hvidovre;I alt;51 år;2025M11;713
Hvidovre;I alt;51 år;2025M12;726
Hvidovre;I alt;51 år;2026M01;727
Hvidovre;I alt;51 år;2026M02;722
Hvidovre;I alt;51 år;2026M03;727
Hvidovre;I alt;51 år;2026M04;735
Hvidovre;I alt;52 år;2025M01;756
Hvidovre;I alt;52 år;2025M02;740
Hvidovre;I alt;52 år;2025M03;743
Hvidovre;I alt;52 år;2025M04;741
Hvidovre;I alt;52 år;2025M05;735
Hvidovre;I alt;52 år;2025M06;746
Hvidovre;I alt;52 år;2025M07;738
Hvidovre;I alt;52 år;2025M08;729
Hvidovre;I alt;52 år;2025M09;758
Hvidovre;I alt;52 år;2025M10;747
Hvidovre;I alt;52 år;2025M11;738
Hvidovre;I alt;52 år;2025M12;722
Hvidovre;I alt;52 år;2026M01;721
Hvidovre;I alt;52 år;2026M02;736
Hvidovre;I alt;52 år;2026M03;733
Hvidovre;I alt;52 år;2026M04;728
Hvidovre;I alt;53 år;2025M01;666
Hvidovre;I alt;53 år;2025M02;675
Hvidovre;I alt;53 år;2025M03;692
Hvidovre;I alt;53 år;2025M04;709
Hvidovre;I alt;53 år;2025M05;740
Hvidovre;I alt;53 år;2025M06;744
Hvidovre;I alt;53 år;2025M07;736
Hvidovre;I alt;53 år;2025M08;750
Hvidovre;I alt;53 år;2025M09;749
Hvidovre;I alt;53 år;2025M10;761
Hvidovre;I alt;53 år;2025M11;773
Hvidovre;I alt;53 år;2025M12;769
Hvidovre;I alt;53 år;2026M01;765
Hvidovre;I alt;53 år;2026M02;745
Hvidovre;I alt;53 år;2026M03;752
Hvidovre;I alt;53 år;2026M04;751
Hvidovre;I alt;54 år;2025M01;618
Hvidovre;I alt;54 år;2025M02;624
Hvidovre;I alt;54 år;2025M03;624
Hvidovre;I alt;54 år;2025M04;613
Hvidovre;I alt;54 år;2025M05;598
Hvidovre;I alt;54 år;2025M06;600
Hvidovre;I alt;54 år;2025M07;616
Hvidovre;I alt;54 år;2025M08;617
Hvidovre;I alt;54 år;2025M09;623
Hvidovre;I alt;54 år;2025M10;628
Hvidovre;I alt;54 år;2025M11;632
Hvidovre;I alt;54 år;2025M12;641
Hvidovre;I alt;54 år;2026M01;655
Hvidovre;I alt;54 år;2026M02;661
Hvidovre;I alt;54 år;2026M03;677
Hvidovre;I alt;54 år;2026M04;692
Hvidovre;I alt;55 år;2025M01;653
Hvidovre;I alt;55 år;2025M02;633
Hvidovre;I alt;55 år;2025M03;629
Hvidovre;I alt;55 år;2025M04;633
Hvidovre;I alt;55 år;2025M05;633
Hvidovre;I alt;55 år;2025M06;627
Hvidovre;I alt;55 år;2025M07;628
Hvidovre;I alt;55 år;2025M08;634
Hvidovre;I alt;55 år;2025M09;631
Hvidovre;I alt;55 år;2025M10;634
Hvidovre;I alt;55 år;2025M11;631
Hvidovre;I alt;55 år;2025M12;614
Hvidovre;I alt;55 år;2026M01;609
Hvidovre;I alt;55 år;2026M02;618
Hvidovre;I alt;55 år;2026M03;617
Hvidovre;I alt;55 år;2026M04;604
Hvidovre;I alt;56 år;2025M01;636
Hvidovre;I alt;56 år;2025M02;646
Hvidovre;I alt;56 år;2025M03;653
Hvidovre;I alt;56 år;2025M04;636
Hvidovre;I alt;56 år;2025M05;623
Hvidovre;I alt;56 år;2025M06;627
Hvidovre;I alt;56 år;2025M07;635
Hvidovre;I alt;56 år;2025M08;628
Hvidovre;I alt;56 år;2025M09;642
Hvidovre;I alt;56 år;2025M10;622
Hvidovre;I alt;56 år;2025M11;638
Hvidovre;I alt;56 år;2025M12;655
Hvidovre;I alt;56 år;2026M01;651
Hvidovre;I alt;56 år;2026M02;629
Hvidovre;I alt;56 år;2026M03;620
Hvidovre;I alt;56 år;2026M04;622
Hvidovre;I alt;57 år;2025M01;668
Hvidovre;I alt;57 år;2025M02;665
Hvidovre;I alt;57 år;2025M03;665
Hvidovre;I alt;57 år;2025M04;666
Hvidovre;I alt;57 år;2025M05;665
Hvidovre;I alt;57 år;2025M06;661
Hvidovre;I alt;57 år;2025M07;659
Hvidovre;I alt;57 år;2025M08;659
Hvidovre;I alt;57 år;2025M09;663
Hvidovre;I alt;57 år;2025M10;663
Hvidovre;I alt;57 år;2025M11;633
Hvidovre;I alt;57 år;2025M12;638
Hvidovre;I alt;57 år;2026M01;636
Hvidovre;I alt;57 år;2026M02;643
Hvidovre;I alt;57 år;2026M03;654
Hvidovre;I alt;57 år;2026M04;637
Hvidovre;I alt;58 år;2025M01;733
Hvidovre;I alt;58 år;2025M02;726
Hvidovre;I alt;58 år;2025M03;707
Hvidovre;I alt;58 år;2025M04;707
Hvidovre;I alt;58 år;2025M05;712
Hvidovre;I alt;58 år;2025M06;696
Hvidovre;I alt;58 år;2025M07;682
Hvidovre;I alt;58 år;2025M08;681
Hvidovre;I alt;58 år;2025M09;664
Hvidovre;I alt;58 år;2025M10;667
Hvidovre;I alt;58 år;2025M11;669
Hvidovre;I alt;58 år;2025M12;658
Hvidovre;I alt;58 år;2026M01;657
Hvidovre;I alt;58 år;2026M02;650
Hvidovre;I alt;58 år;2026M03;657
Hvidovre;I alt;58 år;2026M04;659
Hvidovre;I alt;59 år;2025M01;710
Hvidovre;I alt;59 år;2025M02;714
Hvidovre;I alt;59 år;2025M03;713
Hvidovre;I alt;59 år;2025M04;713
Hvidovre;I alt;59 år;2025M05;706
Hvidovre;I alt;59 år;2025M06;723
Hvidovre;I alt;59 år;2025M07;734
Hvidovre;I alt;59 år;2025M08;720
Hvidovre;I alt;59 år;2025M09;717
Hvidovre;I alt;59 år;2025M10;708
Hvidovre;I alt;59 år;2025M11;715
Hvidovre;I alt;59 år;2025M12;717
Hvidovre;I alt;59 år;2026M01;723
Hvidovre;I alt;59 år;2026M02;714
Hvidovre;I alt;59 år;2026M03;692
Hvidovre;I alt;59 år;2026M04;694
Hvidovre;I alt;60 år;2025M01;656
Hvidovre;I alt;60 år;2025M02;657
Hvidovre;I alt;60 år;2025M03;654
Hvidovre;I alt;60 år;2025M04;663
Hvidovre;I alt;60 år;2025M05;658
Hvidovre;I alt;60 år;2025M06;679
Hvidovre;I alt;60 år;2025M07;681
Hvidovre;I alt;60 år;2025M08;684
Hvidovre;I alt;60 år;2025M09;698
Hvidovre;I alt;60 år;2025M10;712
Hvidovre;I alt;60 år;2025M11;719
Hvidovre;I alt;60 år;2025M12;719
Hvidovre;I alt;60 år;2026M01;700
Hvidovre;I alt;60 år;2026M02;707
Hvidovre;I alt;60 år;2026M03;709
Hvidovre;I alt;60 år;2026M04;703
Hvidovre;I alt;61 år;2025M01;701
Hvidovre;I alt;61 år;2025M02;693
Hvidovre;I alt;61 år;2025M03;709
Hvidovre;I alt;61 år;2025M04;717
Hvidovre;I alt;61 år;2025M05;708
Hvidovre;I alt;61 år;2025M06;695
Hvidovre;I alt;61 år;2025M07;672
Hvidovre;I alt;61 år;2025M08;667
Hvidovre;I alt;61 år;2025M09;642
Hvidovre;I alt;61 år;2025M10;639
Hvidovre;I alt;61 år;2025M11;639
Hvidovre;I alt;61 år;2025M12;639
Hvidovre;I alt;61 år;2026M01;637
Hvidovre;I alt;61 år;2026M02;643
Hvidovre;I alt;61 år;2026M03;641
Hvidovre;I alt;61 år;2026M04;650
Hvidovre;I alt;62 år;2025M01;552
Hvidovre;I alt;62 år;2025M02;573
Hvidovre;I alt;62 år;2025M03;574
Hvidovre;I alt;62 år;2025M04;574
Hvidovre;I alt;62 år;2025M05;604
Hvidovre;I alt;62 år;2025M06;608
Hvidovre;I alt;62 år;2025M07;635
Hvidovre;I alt;62 år;2025M08;636
Hvidovre;I alt;62 år;2025M09;656
Hvidovre;I alt;62 år;2025M10;651
Hvidovre;I alt;62 år;2025M11;658
Hvidovre;I alt;62 år;2025M12;668
Hvidovre;I alt;62 år;2026M01;694
Hvidovre;I alt;62 år;2026M02;680
Hvidovre;I alt;62 år;2026M03;700
Hvidovre;I alt;62 år;2026M04;707
Hvidovre;I alt;63 år;2025M01;586
Hvidovre;I alt;63 år;2025M02;568
Hvidovre;I alt;63 år;2025M03;560
Hvidovre;I alt;63 år;2025M04;558
Hvidovre;I alt;63 år;2025M05;553
Hvidovre;I alt;63 år;2025M06;566
Hvidovre;I alt;63 år;2025M07;560
Hvidovre;I alt;63 år;2025M08;559
Hvidovre;I alt;63 år;2025M09;553
Hvidovre;I alt;63 år;2025M10;547
Hvidovre;I alt;63 år;2025M11;549
Hvidovre;I alt;63 år;2025M12;542
Hvidovre;I alt;63 år;2026M01;543
Hvidovre;I alt;63 år;2026M02;566
Hvidovre;I alt;63 år;2026M03;571
Hvidovre;I alt;63 år;2026M04;568
Hvidovre;I alt;64 år;2025M01;607
Hvidovre;I alt;64 år;2025M02;610
Hvidovre;I alt;64 år;2025M03;597
Hvidovre;I alt;64 år;2025M04;598
Hvidovre;I alt;64 år;2025M05;603
Hvidovre;I alt;64 år;2025M06;595
Hvidovre;I alt;64 år;2025M07;578
Hvidovre;I alt;64 år;2025M08;587
Hvidovre;I alt;64 år;2025M09;588
Hvidovre;I alt;64 år;2025M10;604
Hvidovre;I alt;64 år;2025M11;588
Hvidovre;I alt;64 år;2025M12;591
Hvidovre;I alt;64 år;2026M01;582
Hvidovre;I alt;64 år;2026M02;560
Hvidovre;I alt;64 år;2026M03;553
Hvidovre;I alt;64 år;2026M04;546
Hvidovre;I alt;65 år;2025M01;516
Hvidovre;I alt;65 år;2025M02;513
Hvidovre;I alt;65 år;2025M03;519
Hvidovre;I alt;65 år;2025M04;531
Hvidovre;I alt;65 år;2025M05;528
Hvidovre;I alt;65 år;2025M06;543
Hvidovre;I alt;65 år;2025M07;564
Hvidovre;I alt;65 år;2025M08;564
Hvidovre;I alt;65 år;2025M09;572
Hvidovre;I alt;65 år;2025M10;569
Hvidovre;I alt;65 år;2025M11;579
Hvidovre;I alt;65 år;2025M12;580
Hvidovre;I alt;65 år;2026M01;586
Hvidovre;I alt;65 år;2026M02;589
Hvidovre;I alt;65 år;2026M03;578
Hvidovre;I alt;65 år;2026M04;580
Hvidovre;I alt;66 år;2025M01;581
Hvidovre;I alt;66 år;2025M02;583
Hvidovre;I alt;66 år;2025M03;590
Hvidovre;I alt;66 år;2025M04;577
Hvidovre;I alt;66 år;2025M05;580
Hvidovre;I alt;66 år;2025M06;564
Hvidovre;I alt;66 år;2025M07;544
Hvidovre;I alt;66 år;2025M08;536
Hvidovre;I alt;66 år;2025M09;543
Hvidovre;I alt;66 år;2025M10;527
Hvidovre;I alt;66 år;2025M11;529
Hvidovre;I alt;66 år;2025M12;517
Hvidovre;I alt;66 år;2026M01;506
Hvidovre;I alt;66 år;2026M02;509
Hvidovre;I alt;66 år;2026M03;516
Hvidovre;I alt;66 år;2026M04;525
Hvidovre;I alt;67 år;2025M01;541
Hvidovre;I alt;67 år;2025M02;547
Hvidovre;I alt;67 år;2025M03;538
Hvidovre;I alt;67 år;2025M04;541
Hvidovre;I alt;67 år;2025M05;527
Hvidovre;I alt;67 år;2025M06;523
Hvidovre;I alt;67 år;2025M07;539
Hvidovre;I alt;67 år;2025M08;542
Hvidovre;I alt;67 år;2025M09;539
Hvidovre;I alt;67 år;2025M10;540
Hvidovre;I alt;67 år;2025M11;543
Hvidovre;I alt;67 år;2025M12;562
Hvidovre;I alt;67 år;2026M01;565
Hvidovre;I alt;67 år;2026M02;569
Hvidovre;I alt;67 år;2026M03;577
Hvidovre;I alt;67 år;2026M04;570
Hvidovre;I alt;68 år;2025M01;565
Hvidovre;I alt;68 år;2025M02;554
Hvidovre;I alt;68 år;2025M03;551
Hvidovre;I alt;68 år;2025M04;544
Hvidovre;I alt;68 år;2025M05;561
Hvidovre;I alt;68 år;2025M06;561
Hvidovre;I alt;68 år;2025M07;571
Hvidovre;I alt;68 år;2025M08;561
Hvidovre;I alt;68 år;2025M09;550
Hvidovre;I alt;68 år;2025M10;556
Hvidovre;I alt;68 år;2025M11;547
Hvidovre;I alt;68 år;2025M12;537
Hvidovre;I alt;68 år;2026M01;524
Hvidovre;I alt;68 år;2026M02;529
Hvidovre;I alt;68 år;2026M03;523
Hvidovre;I alt;68 år;2026M04;526
Hvidovre;I alt;69 år;2025M01;513
Hvidovre;I alt;69 år;2025M02;523
Hvidovre;I alt;69 år;2025M03;535
Hvidovre;I alt;69 år;2025M04;538
Hvidovre;I alt;69 år;2025M05;541
Hvidovre;I alt;69 år;2025M06;545
Hvidovre;I alt;69 år;2025M07;536
Hvidovre;I alt;69 år;2025M08;540
Hvidovre;I alt;69 år;2025M09;536
Hvidovre;I alt;69 år;2025M10;540
Hvidovre;I alt;69 år;2025M11;550
Hvidovre;I alt;69 år;2025M12;554
Hvidovre;I alt;69 år;2026M01;550
Hvidovre;I alt;69 år;2026M02;542
Hvidovre;I alt;69 år;2026M03;538
Hvidovre;I alt;69 år;2026M04;533
Hvidovre;I alt;70 år;2025M01;452
Hvidovre;I alt;70 år;2025M02;453
Hvidovre;I alt;70 år;2025M03;457
Hvidovre;I alt;70 år;2025M04;464
Hvidovre;I alt;70 år;2025M05;459
Hvidovre;I alt;70 år;2025M06;468
Hvidovre;I alt;70 år;2025M07;482
Hvidovre;I alt;70 år;2025M08;492
Hvidovre;I alt;70 år;2025M09;495
Hvidovre;I alt;70 år;2025M10;492
Hvidovre;I alt;70 år;2025M11;486
Hvidovre;I alt;70 år;2025M12;498
Hvidovre;I alt;70 år;2026M01;503
Hvidovre;I alt;70 år;2026M02;520
Hvidovre;I alt;70 år;2026M03;530
Hvidovre;I alt;70 år;2026M04;530
Hvidovre;I alt;71 år;2025M01;462
Hvidovre;I alt;71 år;2025M02;474
Hvidovre;I alt;71 år;2025M03;469
Hvidovre;I alt;71 år;2025M04;463
Hvidovre;I alt;71 år;2025M05;478
Hvidovre;I alt;71 år;2025M06;466
Hvidovre;I alt;71 år;2025M07;450
Hvidovre;I alt;71 år;2025M08;441
Hvidovre;I alt;71 år;2025M09;443
Hvidovre;I alt;71 år;2025M10;447
Hvidovre;I alt;71 år;2025M11;452
Hvidovre;I alt;71 år;2025M12;443
Hvidovre;I alt;71 år;2026M01;441
Hvidovre;I alt;71 år;2026M02;438
Hvidovre;I alt;71 år;2026M03;441
Hvidovre;I alt;71 år;2026M04;448
Hvidovre;I alt;72 år;2025M01;424
Hvidovre;I alt;72 år;2025M02;417
Hvidovre;I alt;72 år;2025M03;416
Hvidovre;I alt;72 år;2025M04;430
Hvidovre;I alt;72 år;2025M05;429
Hvidovre;I alt;72 år;2025M06;430
Hvidovre;I alt;72 år;2025M07;444
Hvidovre;I alt;72 år;2025M08;447
Hvidovre;I alt;72 år;2025M09;449
Hvidovre;I alt;72 år;2025M10;452
Hvidovre;I alt;72 år;2025M11;460
Hvidovre;I alt;72 år;2025M12;449
Hvidovre;I alt;72 år;2026M01;453
Hvidovre;I alt;72 år;2026M02;465
Hvidovre;I alt;72 år;2026M03;461
Hvidovre;I alt;72 år;2026M04;457
Hvidovre;I alt;73 år;2025M01;408
Hvidovre;I alt;73 år;2025M02;407
Hvidovre;I alt;73 år;2025M03;409
Hvidovre;I alt;73 år;2025M04;402
Hvidovre;I alt;73 år;2025M05;396
Hvidovre;I alt;73 år;2025M06;402
Hvidovre;I alt;73 år;2025M07;397
Hvidovre;I alt;73 år;2025M08;398
Hvidovre;I alt;73 år;2025M09;405
Hvidovre;I alt;73 år;2025M10;402
Hvidovre;I alt;73 år;2025M11;400
Hvidovre;I alt;73 år;2025M12;406
Hvidovre;I alt;73 år;2026M01;415
Hvidovre;I alt;73 år;2026M02;406
Hvidovre;I alt;73 år;2026M03;404
Hvidovre;I alt;73 år;2026M04;420
Hvidovre;I alt;74 år;2025M01;465
Hvidovre;I alt;74 år;2025M02;463
Hvidovre;I alt;74 år;2025M03;456
Hvidovre;I alt;74 år;2025M04;450
Hvidovre;I alt;74 år;2025M05;442
Hvidovre;I alt;74 år;2025M06;446
Hvidovre;I alt;74 år;2025M07;442
Hvidovre;I alt;74 år;2025M08;425
Hvidovre;I alt;74 år;2025M09;414
Hvidovre;I alt;74 år;2025M10;415
Hvidovre;I alt;74 år;2025M11;400
Hvidovre;I alt;74 år;2025M12;411
Hvidovre;I alt;74 år;2026M01;399
Hvidovre;I alt;74 år;2026M02;401
Hvidovre;I alt;74 år;2026M03;405
Hvidovre;I alt;74 år;2026M04;395
Hvidovre;I alt;75 år;2025M01;385
Hvidovre;I alt;75 år;2025M02;384
Hvidovre;I alt;75 år;2025M03;388
Hvidovre;I alt;75 år;2025M04;393
Hvidovre;I alt;75 år;2025M05;407
Hvidovre;I alt;75 år;2025M06;410
Hvidovre;I alt;75 år;2025M07;414
Hvidovre;I alt;75 år;2025M08;436
Hvidovre;I alt;75 år;2025M09;442
Hvidovre;I alt;75 år;2025M10;441
Hvidovre;I alt;75 år;2025M11;449
Hvidovre;I alt;75 år;2025M12;436
Hvidovre;I alt;75 år;2026M01;446
Hvidovre;I alt;75 år;2026M02;450
Hvidovre;I alt;75 år;2026M03;440
Hvidovre;I alt;75 år;2026M04;436
Hvidovre;I alt;76 år;2025M01;417
Hvidovre;I alt;76 år;2025M02;413
Hvidovre;I alt;76 år;2025M03;405
Hvidovre;I alt;76 år;2025M04;408
Hvidovre;I alt;76 år;2025M05;395
Hvidovre;I alt;76 år;2025M06;380
Hvidovre;I alt;76 år;2025M07;384
Hvidovre;I alt;76 år;2025M08;381
Hvidovre;I alt;76 år;2025M09;378
Hvidovre;I alt;76 år;2025M10;369
Hvidovre;I alt;76 år;2025M11;375
Hvidovre;I alt;76 år;2025M12;374
Hvidovre;I alt;76 år;2026M01;375
Hvidovre;I alt;76 år;2026M02;373
Hvidovre;I alt;76 år;2026M03;375
Hvidovre;I alt;76 år;2026M04;380
Hvidovre;I alt;77 år;2025M01;385
Hvidovre;I alt;77 år;2025M02;396
Hvidovre;I alt;77 år;2025M03;406
Hvidovre;I alt;77 år;2025M04;401
Hvidovre;I alt;77 år;2025M05;402
Hvidovre;I alt;77 år;2025M06;422
Hvidovre;I alt;77 år;2025M07;410
Hvidovre;I alt;77 år;2025M08;400
Hvidovre;I alt;77 år;2025M09;410
Hvidovre;I alt;77 år;2025M10;428
Hvidovre;I alt;77 år;2025M11;421
Hvidovre;I alt;77 år;2025M12;428
Hvidovre;I alt;77 år;2026M01;406
Hvidovre;I alt;77 år;2026M02;401
Hvidovre;I alt;77 år;2026M03;391
Hvidovre;I alt;77 år;2026M04;398
Hvidovre;I alt;78 år;2025M01;448
Hvidovre;I alt;78 år;2025M02;422
Hvidovre;I alt;78 år;2025M03;414
Hvidovre;I alt;78 år;2025M04;403
Hvidovre;I alt;78 år;2025M05;405
Hvidovre;I alt;78 år;2025M06;396
Hvidovre;I alt;78 år;2025M07;393
Hvidovre;I alt;78 år;2025M08;400
Hvidovre;I alt;78 år;2025M09;388
Hvidovre;I alt;78 år;2025M10;378
Hvidovre;I alt;78 år;2025M11;380
Hvidovre;I alt;78 år;2025M12;369
Hvidovre;I alt;78 år;2026M01;373
Hvidovre;I alt;78 år;2026M02;385
Hvidovre;I alt;78 år;2026M03;397
Hvidovre;I alt;78 år;2026M04;389
Hvidovre;I alt;79 år;2025M01;392
Hvidovre;I alt;79 år;2025M02;403
Hvidovre;I alt;79 år;2025M03;406
Hvidovre;I alt;79 år;2025M04;416
Hvidovre;I alt;79 år;2025M05;412
Hvidovre;I alt;79 år;2025M06;419
Hvidovre;I alt;79 år;2025M07;426
Hvidovre;I alt;79 år;2025M08;433
Hvidovre;I alt;79 år;2025M09;442
Hvidovre;I alt;79 år;2025M10;430
Hvidovre;I alt;79 år;2025M11;435
Hvidovre;I alt;79 år;2025M12;434
Hvidovre;I alt;79 år;2026M01;436
Hvidovre;I alt;79 år;2026M02;411
Hvidovre;I alt;79 år;2026M03;397
Hvidovre;I alt;79 år;2026M04;389
Hvidovre;I alt;80 år;2025M01;383
Hvidovre;I alt;80 år;2025M02;377
Hvidovre;I alt;80 år;2025M03;375
Hvidovre;I alt;80 år;2025M04;378
Hvidovre;I alt;80 år;2025M05;381
Hvidovre;I alt;80 år;2025M06;383
Hvidovre;I alt;80 år;2025M07;386
Hvidovre;I alt;80 år;2025M08;376
Hvidovre;I alt;80 år;2025M09;366
Hvidovre;I alt;80 år;2025M10;371
Hvidovre;I alt;80 år;2025M11;364
Hvidovre;I alt;80 år;2025M12;368
Hvidovre;I alt;80 år;2026M01;373
Hvidovre;I alt;80 år;2026M02;382
Hvidovre;I alt;80 år;2026M03;389
Hvidovre;I alt;80 år;2026M04;399
Hvidovre;I alt;81 år;2025M01;315
Hvidovre;I alt;81 år;2025M02;328
Hvidovre;I alt;81 år;2025M03;339
Hvidovre;I alt;81 år;2025M04;335
Hvidovre;I alt;81 år;2025M05;339
Hvidovre;I alt;81 år;2025M06;337
Hvidovre;I alt;81 år;2025M07;343
Hvidovre;I alt;81 år;2025M08;347
Hvidovre;I alt;81 år;2025M09;353
Hvidovre;I alt;81 år;2025M10;357
Hvidovre;I alt;81 år;2025M11;365
Hvidovre;I alt;81 år;2025M12;372
Hvidovre;I alt;81 år;2026M01;365
Hvidovre;I alt;81 år;2026M02;363
Hvidovre;I alt;81 år;2026M03;358
Hvidovre;I alt;81 år;2026M04;363
Hvidovre;I alt;82 år;2025M01;283
Hvidovre;I alt;82 år;2025M02;291
Hvidovre;I alt;82 år;2025M03;282
Hvidovre;I alt;82 år;2025M04;292
Hvidovre;I alt;82 år;2025M05;291
Hvidovre;I alt;82 år;2025M06;295
Hvidovre;I alt;82 år;2025M07;296
Hvidovre;I alt;82 år;2025M08;302
Hvidovre;I alt;82 år;2025M09;305
Hvidovre;I alt;82 år;2025M10;301
Hvidovre;I alt;82 år;2025M11;307
Hvidovre;I alt;82 år;2025M12;307
Hvidovre;I alt;82 år;2026M01;297
Hvidovre;I alt;82 år;2026M02;312
Hvidovre;I alt;82 år;2026M03;327
Hvidovre;I alt;82 år;2026M04;321
Hvidovre;I alt;83 år;2025M01;287
Hvidovre;I alt;83 år;2025M02;279
Hvidovre;I alt;83 år;2025M03;279
Hvidovre;I alt;83 år;2025M04;276
Hvidovre;I alt;83 år;2025M05;276
Hvidovre;I alt;83 år;2025M06;275
Hvidovre;I alt;83 år;2025M07;269
Hvidovre;I alt;83 år;2025M08;268
Hvidovre;I alt;83 år;2025M09;268
Hvidovre;I alt;83 år;2025M10;269
Hvidovre;I alt;83 år;2025M11;261
Hvidovre;I alt;83 år;2025M12;251
Hvidovre;I alt;83 år;2026M01;268
Hvidovre;I alt;83 år;2026M02;275
Hvidovre;I alt;83 år;2026M03;264
Hvidovre;I alt;83 år;2026M04;274
Hvidovre;I alt;84 år;2025M01;254
Hvidovre;I alt;84 år;2025M02;253
Hvidovre;I alt;84 år;2025M03;258
Hvidovre;I alt;84 år;2025M04;254
Hvidovre;I alt;84 år;2025M05;248
Hvidovre;I alt;84 år;2025M06;240
Hvidovre;I alt;84 år;2025M07;250
Hvidovre;I alt;84 år;2025M08;247
Hvidovre;I alt;84 år;2025M09;250
Hvidovre;I alt;84 år;2025M10;260
Hvidovre;I alt;84 år;2025M11;268
Hvidovre;I alt;84 år;2025M12;274
Hvidovre;I alt;84 år;2026M01;273
Hvidovre;I alt;84 år;2026M02;262
Hvidovre;I alt;84 år;2026M03;265
Hvidovre;I alt;84 år;2026M04;264
Hvidovre;I alt;85 år;2025M01;195
Hvidovre;I alt;85 år;2025M02;194
Hvidovre;I alt;85 år;2025M03;198
Hvidovre;I alt;85 år;2025M04;200
Hvidovre;I alt;85 år;2025M05;214
Hvidovre;I alt;85 år;2025M06;228
Hvidovre;I alt;85 år;2025M07;226
Hvidovre;I alt;85 år;2025M08;232
Hvidovre;I alt;85 år;2025M09;234
Hvidovre;I alt;85 år;2025M10;231
Hvidovre;I alt;85 år;2025M11;235
Hvidovre;I alt;85 år;2025M12;242
Hvidovre;I alt;85 år;2026M01;230
Hvidovre;I alt;85 år;2026M02;228
Hvidovre;I alt;85 år;2026M03;231
Hvidovre;I alt;85 år;2026M04;226
Hvidovre;I alt;86 år;2025M01;186
Hvidovre;I alt;86 år;2025M02;190
Hvidovre;I alt;86 år;2025M03;197
Hvidovre;I alt;86 år;2025M04;198
Hvidovre;I alt;86 år;2025M05;193
Hvidovre;I alt;86 år;2025M06;187
Hvidovre;I alt;86 år;2025M07;181
Hvidovre;I alt;86 år;2025M08;177
Hvidovre;I alt;86 år;2025M09;183
Hvidovre;I alt;86 år;2025M10;174
Hvidovre;I alt;86 år;2025M11;169
Hvidovre;I alt;86 år;2025M12;170
Hvidovre;I alt;86 år;2026M01;174
Hvidovre;I alt;86 år;2026M02;174
Hvidovre;I alt;86 år;2026M03;177
Hvidovre;I alt;86 år;2026M04;177
Hvidovre;I alt;87 år;2025M01;161
Hvidovre;I alt;87 år;2025M02;160
Hvidovre;I alt;87 år;2025M03;155
Hvidovre;I alt;87 år;2025M04;153
Hvidovre;I alt;87 år;2025M05;159
Hvidovre;I alt;87 år;2025M06;165
Hvidovre;I alt;87 år;2025M07;175
Hvidovre;I alt;87 år;2025M08;173
Hvidovre;I alt;87 år;2025M09;170
Hvidovre;I alt;87 år;2025M10;179
Hvidovre;I alt;87 år;2025M11;181
Hvidovre;I alt;87 år;2025M12;172
Hvidovre;I alt;87 år;2026M01;172
Hvidovre;I alt;87 år;2026M02;173
Hvidovre;I alt;87 år;2026M03;175
Hvidovre;I alt;87 år;2026M04;176
Hvidovre;I alt;88 år;2025M01;127
Hvidovre;I alt;88 år;2025M02;128
Hvidovre;I alt;88 år;2025M03;131
Hvidovre;I alt;88 år;2025M04;135
Hvidovre;I alt;88 år;2025M05;144
Hvidovre;I alt;88 år;2025M06;139
Hvidovre;I alt;88 år;2025M07;136
Hvidovre;I alt;88 år;2025M08;142
Hvidovre;I alt;88 år;2025M09;141
Hvidovre;I alt;88 år;2025M10;135
Hvidovre;I alt;88 år;2025M11;138
Hvidovre;I alt;88 år;2025M12;138
Hvidovre;I alt;88 år;2026M01;140
Hvidovre;I alt;88 år;2026M02;134
Hvidovre;I alt;88 år;2026M03;125
Hvidovre;I alt;88 år;2026M04;129
Hvidovre;I alt;89 år;2025M01;105
Hvidovre;I alt;89 år;2025M02;106
Hvidovre;I alt;89 år;2025M03;104
Hvidovre;I alt;89 år;2025M04;107
Hvidovre;I alt;89 år;2025M05;100
Hvidovre;I alt;89 år;2025M06;106
Hvidovre;I alt;89 år;2025M07;110
Hvidovre;I alt;89 år;2025M08;111
Hvidovre;I alt;89 år;2025M09;111
Hvidovre;I alt;89 år;2025M10;120
Hvidovre;I alt;89 år;2025M11;118
Hvidovre;I alt;89 år;2025M12;120
Hvidovre;I alt;89 år;2026M01;117
Hvidovre;I alt;89 år;2026M02;120
Hvidovre;I alt;89 år;2026M03;119
Hvidovre;I alt;89 år;2026M04;121
Hvidovre;I alt;90 år;2025M01;93
Hvidovre;I alt;90 år;2025M02;94
Hvidovre;I alt;90 år;2025M03;95
Hvidovre;I alt;90 år;2025M04;91
Hvidovre;I alt;90 år;2025M05;92
Hvidovre;I alt;90 år;2025M06;96
Hvidovre;I alt;90 år;2025M07;97
Hvidovre;I alt;90 år;2025M08;96
Hvidovre;I alt;90 år;2025M09;94
Hvidovre;I alt;90 år;2025M10;90
Hvidovre;I alt;90 år;2025M11;92
Hvidovre;I alt;90 år;2025M12;89
Hvidovre;I alt;90 år;2026M01;95
Hvidovre;I alt;90 år;2026M02;96
Hvidovre;I alt;90 år;2026M03;95
Hvidovre;I alt;90 år;2026M04;98
Hvidovre;I alt;91 år;2025M01;71
Hvidovre;I alt;91 år;2025M02;71
Hvidovre;I alt;91 år;2025M03;68
Hvidovre;I alt;91 år;2025M04;70
Hvidovre;I alt;91 år;2025M05;76
Hvidovre;I alt;91 år;2025M06;73
Hvidovre;I alt;91 år;2025M07;73
Hvidovre;I alt;91 år;2025M08;69
Hvidovre;I alt;91 år;2025M09;69
Hvidovre;I alt;91 år;2025M10;71
Hvidovre;I alt;91 år;2025M11;75
Hvidovre;I alt;91 år;2025M12;78
Hvidovre;I alt;91 år;2026M01;81
Hvidovre;I alt;91 år;2026M02;81
Hvidovre;I alt;91 år;2026M03;84
Hvidovre;I alt;91 år;2026M04;80
Hvidovre;I alt;92 år;2025M01;57
Hvidovre;I alt;92 år;2025M02;60
Hvidovre;I alt;92 år;2025M03;60
Hvidovre;I alt;92 år;2025M04;59
Hvidovre;I alt;92 år;2025M05;50
Hvidovre;I alt;92 år;2025M06;56
Hvidovre;I alt;92 år;2025M07;61
Hvidovre;I alt;92 år;2025M08;61
Hvidovre;I alt;92 år;2025M09;63
Hvidovre;I alt;92 år;2025M10;67
Hvidovre;I alt;92 år;2025M11;64
Hvidovre;I alt;92 år;2025M12;68
Hvidovre;I alt;92 år;2026M01;58
Hvidovre;I alt;92 år;2026M02;57
Hvidovre;I alt;92 år;2026M03;55
Hvidovre;I alt;92 år;2026M04;59
Hvidovre;I alt;93 år;2025M01;41
Hvidovre;I alt;93 år;2025M02;40
Hvidovre;I alt;93 år;2025M03;44
Hvidovre;I alt;93 år;2025M04;47
Hvidovre;I alt;93 år;2025M05;45
Hvidovre;I alt;93 år;2025M06;42
Hvidovre;I alt;93 år;2025M07;40
Hvidovre;I alt;93 år;2025M08;42
Hvidovre;I alt;93 år;2025M09;42
Hvidovre;I alt;93 år;2025M10;42
Hvidovre;I alt;93 år;2025M11;40
Hvidovre;I alt;93 år;2025M12;38
Hvidovre;I alt;93 år;2026M01;43
Hvidovre;I alt;93 år;2026M02;44
Hvidovre;I alt;93 år;2026M03;43
Hvidovre;I alt;93 år;2026M04;38
Hvidovre;I alt;94 år;2025M01;35
Hvidovre;I alt;94 år;2025M02;37
Hvidovre;I alt;94 år;2025M03;36
Hvidovre;I alt;94 år;2025M04;35
Hvidovre;I alt;94 år;2025M05;41
Hvidovre;I alt;94 år;2025M06;40
Hvidovre;I alt;94 år;2025M07;39
Hvidovre;I alt;94 år;2025M08;37
Hvidovre;I alt;94 år;2025M09;35
Hvidovre;I alt;94 år;2025M10;33
Hvidovre;I alt;94 år;2025M11;34
Hvidovre;I alt;94 år;2025M12;35
Hvidovre;I alt;94 år;2026M01;33
Hvidovre;I alt;94 år;2026M02;31
Hvidovre;I alt;94 år;2026M03;34
Hvidovre;I alt;94 år;2026M04;34
Hvidovre;I alt;95 år;2025M01;33
Hvidovre;I alt;95 år;2025M02;32
Hvidovre;I alt;95 år;2025M03;29
Hvidovre;I alt;95 år;2025M04;28
Hvidovre;I alt;95 år;2025M05;28
Hvidovre;I alt;95 år;2025M06;31
Hvidovre;I alt;95 år;2025M07;31
Hvidovre;I alt;95 år;2025M08;32
Hvidovre;I alt;95 år;2025M09;30
Hvidovre;I alt;95 år;2025M10;30
Hvidovre;I alt;95 år;2025M11;30
Hvidovre;I alt;95 år;2025M12;31
Hvidovre;I alt;95 år;2026M01;30
Hvidovre;I alt;95 år;2026M02;30
Hvidovre;I alt;95 år;2026M03;29
Hvidovre;I alt;95 år;2026M04;30
Hvidovre;I alt;96 år;2025M01;28
Hvidovre;I alt;96 år;2025M02;29
Hvidovre;I alt;96 år;2025M03;31
Hvidovre;I alt;96 år;2025M04;32
Hvidovre;I alt;96 år;2025M05;31
Hvidovre;I alt;96 år;2025M06;24
Hvidovre;I alt;96 år;2025M07;24
Hvidovre;I alt;96 år;2025M08;27
Hvidovre;I alt;96 år;2025M09;30
Hvidovre;I alt;96 år;2025M10;32
Hvidovre;I alt;96 år;2025M11;28
Hvidovre;I alt;96 år;2025M12;29
Hvidovre;I alt;96 år;2026M01;27
Hvidovre;I alt;96 år;2026M02;26
Hvidovre;I alt;96 år;2026M03;21
Hvidovre;I alt;96 år;2026M04;20
Hvidovre;I alt;97 år;2025M01;16
Hvidovre;I alt;97 år;2025M02;16
Hvidovre;I alt;97 år;2025M03;17
Hvidovre;I alt;97 år;2025M04;16
Hvidovre;I alt;97 år;2025M05;17
Hvidovre;I alt;97 år;2025M06;21
Hvidovre;I alt;97 år;2025M07;20
Hvidovre;I alt;97 år;2025M08;17
Hvidovre;I alt;97 år;2025M09;18
Hvidovre;I alt;97 år;2025M10;17
Hvidovre;I alt;97 år;2025M11;19
Hvidovre;I alt;97 år;2025M12;18
Hvidovre;I alt;97 år;2026M01;20
Hvidovre;I alt;97 år;2026M02;21
Hvidovre;I alt;97 år;2026M03;21
Hvidovre;I alt;97 år;2026M04;19
Hvidovre;I alt;98 år;2025M01;14
Hvidovre;I alt;98 år;2025M02;15
Hvidovre;I alt;98 år;2025M03;16
Hvidovre;I alt;98 år;2025M04;17
Hvidovre;I alt;98 år;2025M05;15
Hvidovre;I alt;98 år;2025M06;14
Hvidovre;I alt;98 år;2025M07;12
Hvidovre;I alt;98 år;2025M08;13
Hvidovre;I alt;98 år;2025M09;14
Hvidovre;I alt;98 år;2025M10;15
Hvidovre;I alt;98 år;2025M11;14
Hvidovre;I alt;98 år;2025M12;12
Hvidovre;I alt;98 år;2026M01;13
Hvidovre;I alt;98 år;2026M02;12
Hvidovre;I alt;98 år;2026M03;13
Hvidovre;I alt;98 år;2026M04;13
Hvidovre;I alt;99 år;2025M01;7
Hvidovre;I alt;99 år;2025M02;7
Hvidovre;I alt;99 år;2025M03;6
Hvidovre;I alt;99 år;2025M04;5
Hvidovre;I alt;99 år;2025M05;8
Hvidovre;I alt;99 år;2025M06;9
Hvidovre;I alt;99 år;2025M07;12
Hvidovre;I alt;99 år;2025M08;10
Hvidovre;I alt;99 år;2025M09;9
Hvidovre;I alt;99 år;2025M10;9
Hvidovre;I alt;99 år;2025M11;11
Hvidovre;I alt;99 år;2025M12;13
Hvidovre;I alt;99 år;2026M01;12
Hvidovre;I alt;99 år;2026M02;12
Hvidovre;I alt;99 år;2026M03;12
Hvidovre;I alt;99 år;2026M04;13
Hvidovre;I alt;100 år;2025M01;5
Hvidovre;I alt;100 år;2025M02;5
Hvidovre;I alt;100 år;2025M03;6
Hvidovre;I alt;100 år;2025M04;5
Hvidovre;I alt;100 år;2025M05;5
Hvidovre;I alt;100 år;2025M06;5
Hvidovre;I alt;100 år;2025M07;4
Hvidovre;I alt;100 år;2025M08;3
Hvidovre;I alt;100 år;2025M09;3
Hvidovre;I alt;100 år;2025M10;4
Hvidovre;I alt;100 år;2025M11;3
Hvidovre;I alt;100 år;2025M12;3
Hvidovre;I alt;100 år;2026M01;4
Hvidovre;I alt;100 år;2026M02;4
Hvidovre;I alt;100 år;2026M03;4
Hvidovre;I alt;100 år;2026M04;3
Hvidovre;I alt;101 år;2025M01;0
Hvidovre;I alt;101 år;2025M02;0
Hvidovre;I alt;101 år;2025M03;0
Hvidovre;I alt;101 år;2025M04;1
Hvidovre;I alt;101 år;2025M05;1
Hvidovre;I alt;101 år;2025M06;1
Hvidovre;I alt;101 år;2025M07;2
Hvidovre;I alt;101 år;2025M08;3
Hvidovre;I alt;101 år;2025M09;3
Hvidovre;I alt;101 år;2025M10;3
Hvidovre;I alt;101 år;2025M11;3
Hvidovre;I alt;101 år;2025M12;3
Hvidovre;I alt;101 år;2026M01;4
Hvidovre;I alt;101 år;2026M02;4
Hvidovre;I alt;101 år;2026M03;4
Hvidovre;I alt;101 år;2026M04;4
Hvidovre;I alt;102 år;2025M01;1
Hvidovre;I alt;102 år;2025M02;1
Hvidovre;I alt;102 år;2025M03;0
Hvidovre;I alt;102 år;2025M04;0
Hvidovre;I alt;102 år;2025M05;0
Hvidovre;I alt;102 år;2025M06;0
Hvidovre;I alt;102 år;2025M07;0
Hvidovre;I alt;102 år;2025M08;0
Hvidovre;I alt;102 år;2025M09;0
Hvidovre;I alt;102 år;2025M10;0
Hvidovre;I alt;102 år;2025M11;0
Hvidovre;I alt;102 år;2025M12;0
Hvidovre;I alt;102 år;2026M01;0
Hvidovre;I alt;102 år;2026M02;0
Hvidovre;I alt;102 år;2026M03;0
Hvidovre;I alt;102 år;2026M04;1
Hvidovre;I alt;103 år;2025M01;1
Hvidovre;I alt;103 år;2025M02;1
Hvidovre;I alt;103 år;2025M03;2
Hvidovre;I alt;103 år;2025M04;2
Hvidovre;I alt;103 år;2025M05;2
Hvidovre;I alt;103 år;2025M06;2
Hvidovre;I alt;103 år;2025M07;1
Hvidovre;I alt;103 år;2025M08;1
Hvidovre;I alt;103 år;2025M09;1
Hvidovre;I alt;103 år;2025M10;0
Hvidovre;I alt;103 år;2025M11;0
Hvidovre;I alt;103 år;2025M12;0
Hvidovre;I alt;103 år;2026M01;0
Hvidovre;I alt;103 år;2026M02;0
Hvidovre;I alt;103 år;2026M03;0
Hvidovre;I alt;103 år;2026M04;0
Hvidovre;I alt;104 år;2025M01;0
Hvidovre;I alt;104 år;2025M02;0
Hvidovre;I alt;104 år;2025M03;0
Hvidovre;I alt;104 år;2025M04;0
Hvidovre;I alt;104 år;2025M05;0
Hvidovre;I alt;104 år;2025M06;0
Hvidovre;I alt;104 år;2025M07;0
Hvidovre;I alt;104 år;2025M08;0
Hvidovre;I alt;104 år;2025M09;0
Hvidovre;I alt;104 år;2025M10;1
Hvidovre;I alt;104 år;2025M11;1
Hvidovre;I alt;104 år;2025M12;1
Hvidovre;I alt;104 år;2026M01;1
Hvidovre;I alt;104 år;2026M02;1
Hvidovre;I alt;104 år;2026M03;1
Hvidovre;I alt;104 år;2026M04;1
Hvidovre;I alt;105 år;2025M01;0
Hvidovre;I alt;105 år;2025M02;0
Hvidovre;I alt;105 år;2025M03;0
Hvidovre;I alt;105 år;2025M04;0
Hvidovre;I alt;105 år;2025M05;0
Hvidovre;I alt;105 år;2025M06;0
Hvidovre;I alt;105 år;2025M07;0
Hvidovre;I alt;105 år;2025M08;0
Hvidovre;I alt;105 år;2025M09;0
Hvidovre;I alt;105 år;2025M10;0
Hvidovre;I alt;105 år;2025M11;0
Hvidovre;I alt;105 år;2025M12;0
Hvidovre;I alt;105 år;2026M01;0
Hvidovre;I alt;105 år;2026M02;0
Hvidovre;I alt;105 år;2026M03;0
Hvidovre;I alt;105 år;2026M04;0
Hvidovre;I alt;106 år;2025M01;0
Hvidovre;I alt;106 år;2025M02;0
Hvidovre;I alt;106 år;2025M03;0
Hvidovre;I alt;106 år;2025M04;0
Hvidovre;I alt;106 år;2025M05;0
Hvidovre;I alt;106 år;2025M06;0
Hvidovre;I alt;106 år;2025M07;0
Hvidovre;I alt;106 år;2025M08;0
Hvidovre;I alt;106 år;2025M09;0
Hvidovre;I alt;106 år;2025M10;0
Hvidovre;I alt;106 år;2025M11;0
Hvidovre;I alt;106 år;2025M12;0
Hvidovre;I alt;106 år;2026M01;0
Hvidovre;I alt;106 år;2026M02;0
Hvidovre;I alt;106 år;2026M03;0
Hvidovre;I alt;106 år;2026M04;0
Hvidovre;I alt;107 år;2025M01;0
Hvidovre;I alt;107 år;2025M02;0
Hvidovre;I alt;107 år;2025M03;0
Hvidovre;I alt;107 år;2025M04;0
Hvidovre;I alt;107 år;2025M05;0
Hvidovre;I alt;107 år;2025M06;0
Hvidovre;I alt;107 år;2025M07;0
Hvidovre;I alt;107 år;2025M08;0
Hvidovre;I alt;107 år;2025M09;0
Hvidovre;I alt;107 år;2025M10;0
Hvidovre;I alt;107 år;2025M11;0
Hvidovre;I alt;107 år;2025M12;0
Hvidovre;I alt;107 år;2026M01;0
Hvidovre;I alt;107 år;2026M02;0
Hvidovre;I alt;107 år;2026M03;0
Hvidovre;I alt;107 år;2026M04;0
Hvidovre;I alt;108 år;2025M01;0
Hvidovre;I alt;108 år;2025M02;0
Hvidovre;I alt;108 år;2025M03;0
Hvidovre;I alt;108 år;2025M04;0
Hvidovre;I alt;108 år;2025M05;0
Hvidovre;I alt;108 år;2025M06;0
Hvidovre;I alt;108 år;2025M07;0
Hvidovre;I alt;108 år;2025M08;0
Hvidovre;I alt;108 år;2025M09;0
Hvidovre;I alt;108 år;2025M10;0
Hvidovre;I alt;108 år;2025M11;0
Hvidovre;I alt;108 år;2025M12;0
Hvidovre;I alt;108 år;2026M01;0
Hvidovre;I alt;108 år;2026M02;0
Hvidovre;I alt;108 år;2026M03;0
Hvidovre;I alt;108 år;2026M04;0
Hvidovre;I alt;109 år;2025M01;0
Hvidovre;I alt;109 år;2025M02;0
Hvidovre;I alt;109 år;2025M03;0
Hvidovre;I alt;109 år;2025M04;0
Hvidovre;I alt;109 år;2025M05;0
Hvidovre;I alt;109 år;2025M06;0
Hvidovre;I alt;109 år;2025M07;0
Hvidovre;I alt;109 år;2025M08;0
Hvidovre;I alt;109 år;2025M09;0
Hvidovre;I alt;109 år;2025M10;0
Hvidovre;I alt;109 år;2025M11;0
Hvidovre;I alt;109 år;2025M12;0
Hvidovre;I alt;109 år;2026M01;0
Hvidovre;I alt;109 år;2026M02;0
Hvidovre;I alt;109 år;2026M03;0
Hvidovre;I alt;109 år;2026M04;0
Hvidovre;I alt;110 år;2025M01;0
Hvidovre;I alt;110 år;2025M02;0
Hvidovre;I alt;110 år;2025M03;0
Hvidovre;I alt;110 år;2025M04;0
Hvidovre;I alt;110 år;2025M05;0
Hvidovre;I alt;110 år;2025M06;0
Hvidovre;I alt;110 år;2025M07;0
Hvidovre;I alt;110 år;2025M08;0
Hvidovre;I alt;110 år;2025M09;0
Hvidovre;I alt;110 år;2025M10;0
Hvidovre;I alt;110 år;2025M11;0
Hvidovre;I alt;110 år;2025M12;0
Hvidovre;I alt;110 år;2026M01;0
Hvidovre;I alt;110 år;2026M02;0
Hvidovre;I alt;110 år;2026M03;0
Hvidovre;I alt;110 år;2026M04;0
Hvidovre;I alt;111 år;2025M01;0
Hvidovre;I alt;111 år;2025M02;0
Hvidovre;I alt;111 år;2025M03;0
Hvidovre;I alt;111 år;2025M04;0
Hvidovre;I alt;111 år;2025M05;0
Hvidovre;I alt;111 år;2025M06;0
Hvidovre;I alt;111 år;2025M07;0
Hvidovre;I alt;111 år;2025M08;0
Hvidovre;I alt;111 år;2025M09;0
Hvidovre;I alt;111 år;2025M10;0
Hvidovre;I alt;111 år;2025M11;0
Hvidovre;I alt;111 år;2025M12;0
Hvidovre;I alt;111 år;2026M01;0
Hvidovre;I alt;111 år;2026M02;0
Hvidovre;I alt;111 år;2026M03;0
Hvidovre;I alt;111 år;2026M04;0
Hvidovre;I alt;112 år;2025M01;0
Hvidovre;I alt;112 år;2025M02;0
Hvidovre;I alt;112 år;2025M03;0
Hvidovre;I alt;112 år;2025M04;0
Hvidovre;I alt;112 år;2025M05;0
Hvidovre;I alt;112 år;2025M06;0
Hvidovre;I alt;112 år;2025M07;0
Hvidovre;I alt;112 år;2025M08;0
Hvidovre;I alt;112 år;2025M09;0
Hvidovre;I alt;112 år;2025M10;0
Hvidovre;I alt;112 år;2025M11;0
Hvidovre;I alt;112 år;2025M12;0
Hvidovre;I alt;112 år;2026M01;0
Hvidovre;I alt;112 år;2026M02;0
Hvidovre;I alt;112 år;2026M03;0
Hvidovre;I alt;112 år;2026M04;0
Hvidovre;I alt;113 år;2025M01;0
Hvidovre;I alt;113 år;2025M02;0
Hvidovre;I alt;113 år;2025M03;0
Hvidovre;I alt;113 år;2025M04;0
Hvidovre;I alt;113 år;2025M05;0
Hvidovre;I alt;113 år;2025M06;0
Hvidovre;I alt;113 år;2025M07;0
Hvidovre;I alt;113 år;2025M08;0
Hvidovre;I alt;113 år;2025M09;0
Hvidovre;I alt;113 år;2025M10;0
Hvidovre;I alt;113 år;2025M11;0
Hvidovre;I alt;113 år;2025M12;0
Hvidovre;I alt;113 år;2026M01;0
Hvidovre;I alt;113 år;2026M02;0
Hvidovre;I alt;113 år;2026M03;0
Hvidovre;I alt;113 år;2026M04;0
Hvidovre;I alt;114 år;2025M01;0
Hvidovre;I alt;114 år;2025M02;0
Hvidovre;I alt;114 år;2025M03;0
Hvidovre;I alt;114 år;2025M04;0
Hvidovre;I alt;114 år;2025M05;0
Hvidovre;I alt;114 år;2025M06;0
Hvidovre;I alt;114 år;2025M07;0
Hvidovre;I alt;114 år;2025M08;0
Hvidovre;I alt;114 år;2025M09;0
Hvidovre;I alt;114 år;2025M10;0
Hvidovre;I alt;114 år;2025M11;0
Hvidovre;I alt;114 år;2025M12;0
Hvidovre;I alt;114 år;2026M01;0
Hvidovre;I alt;114 år;2026M02;0
Hvidovre;I alt;114 år;2026M03;0
Hvidovre;I alt;114 år;2026M04;0
Hvidovre;I alt;115 år;2025M01;0
Hvidovre;I alt;115 år;2025M02;0
Hvidovre;I alt;115 år;2025M03;0
Hvidovre;I alt;115 år;2025M04;0
Hvidovre;I alt;115 år;2025M05;0
Hvidovre;I alt;115 år;2025M06;0
Hvidovre;I alt;115 år;2025M07;0
Hvidovre;I alt;115 år;2025M08;0
Hvidovre;I alt;115 år;2025M09;0
Hvidovre;I alt;115 år;2025M10;0
Hvidovre;I alt;115 år;2025M11;0
Hvidovre;I alt;115 år;2025M12;0
Hvidovre;I alt;115 år;2026M01;0
Hvidovre;I alt;115 år;2026M02;0
Hvidovre;I alt;115 år;2026M03;0
Hvidovre;I alt;115 år;2026M04;0
Hvidovre;I alt;116 år;2025M01;0
Hvidovre;I alt;116 år;2025M02;0
Hvidovre;I alt;116 år;2025M03;0
Hvidovre;I alt;116 år;2025M04;0
Hvidovre;I alt;116 år;2025M05;0
Hvidovre;I alt;116 år;2025M06;0
Hvidovre;I alt;116 år;2025M07;0
Hvidovre;I alt;116 år;2025M08;0
Hvidovre;I alt;116 år;2025M09;0
Hvidovre;I alt;116 år;2025M10;0
Hvidovre;I alt;116 år;2025M11;0
Hvidovre;I alt;116 år;2025M12;0
Hvidovre;I alt;116 år;2026M01;0
Hvidovre;I alt;116 år;2026M02;0
Hvidovre;I alt;116 år;2026M03;0
Hvidovre;I alt;116 år;2026M04;0
Hvidovre;I alt;117 år;2025M01;0
Hvidovre;I alt;117 år;2025M02;0
Hvidovre;I alt;117 år;2025M03;0
Hvidovre;I alt;117 år;2025M04;0
Hvidovre;I alt;117 år;2025M05;0
Hvidovre;I alt;117 år;2025M06;0
Hvidovre;I alt;117 år;2025M07;0
Hvidovre;I alt;117 år;2025M08;0
Hvidovre;I alt;117 år;2025M09;0
Hvidovre;I alt;117 år;2025M10;0
Hvidovre;I alt;117 år;2025M11;0
Hvidovre;I alt;117 år;2025M12;0
Hvidovre;I alt;117 år;2026M01;0
Hvidovre;I alt;117 år;2026M02;0
Hvidovre;I alt;117 år;2026M03;0
Hvidovre;I alt;117 år;2026M04;0
Hvidovre;I alt;118 år;2025M01;0
Hvidovre;I alt;118 år;2025M02;0
Hvidovre;I alt;118 år;2025M03;0
Hvidovre;I alt;118 år;2025M04;0
Hvidovre;I alt;118 år;2025M05;0
Hvidovre;I alt;118 år;2025M06;0
Hvidovre;I alt;118 år;2025M07;0
Hvidovre;I alt;118 år;2025M08;0
Hvidovre;I alt;118 år;2025M09;0
Hvidovre;I alt;118 år;2025M10;0
Hvidovre;I alt;118 år;2025M11;0
Hvidovre;I alt;118 år;2025M12;0
Hvidovre;I alt;118 år;2026M01;0
Hvidovre;I alt;118 år;2026M02;0
Hvidovre;I alt;118 år;2026M03;0
Hvidovre;I alt;118 år;2026M04;0
Hvidovre;I alt;119 år;2025M01;0
Hvidovre;I alt;119 år;2025M02;0
Hvidovre;I alt;119 år;2025M03;0
Hvidovre;I alt;119 år;2025M04;0
Hvidovre;I alt;119 år;2025M05;0
Hvidovre;I alt;119 år;2025M06;0
Hvidovre;I alt;119 år;2025M07;0
Hvidovre;I alt;119 år;2025M08;0
Hvidovre;I alt;119 år;2025M09;0
Hvidovre;I alt;119 år;2025M10;0
Hvidovre;I alt;119 år;2025M11;0
Hvidovre;I alt;119 år;2025M12;0
Hvidovre;I alt;119 år;2026M01;0
Hvidovre;I alt;119 år;2026M02;0
Hvidovre;I alt;119 år;2026M03;0
Hvidovre;I alt;119 år;2026M04;0
Hvidovre;I alt;120 år;2025M01;0
Hvidovre;I alt;120 år;2025M02;0
Hvidovre;I alt;120 år;2025M03;0
Hvidovre;I alt;120 år;2025M04;0
Hvidovre;I alt;120 år;2025M05;0
Hvidovre;I alt;120 år;2025M06;0
Hvidovre;I alt;120 år;2025M07;0
Hvidovre;I alt;120 år;2025M08;0
Hvidovre;I alt;120 år;2025M09;0
Hvidovre;I alt;120 år;2025M10;0
Hvidovre;I alt;120 år;2025M11;0
Hvidovre;I alt;120 år;2025M12;0
Hvidovre;I alt;120 år;2026M01;0
Hvidovre;I alt;120 år;2026M02;0
Hvidovre;I alt;120 år;2026M03;0
Hvidovre;I alt;120 år;2026M04;0
Hvidovre;I alt;121 år;2025M01;0
Hvidovre;I alt;121 år;2025M02;0
Hvidovre;I alt;121 år;2025M03;0
Hvidovre;I alt;121 år;2025M04;0
Hvidovre;I alt;121 år;2025M05;0
Hvidovre;I alt;121 år;2025M06;0
Hvidovre;I alt;121 år;2025M07;0
Hvidovre;I alt;121 år;2025M08;0
Hvidovre;I alt;121 år;2025M09;0
Hvidovre;I alt;121 år;2025M10;0
Hvidovre;I alt;121 år;2025M11;0
Hvidovre;I alt;121 år;2025M12;0
Hvidovre;I alt;121 år;2026M01;0
Hvidovre;I alt;121 år;2026M02;0
Hvidovre;I alt;121 år;2026M03;0
Hvidovre;I alt;121 år;2026M04;0
Hvidovre;I alt;122 år;2025M01;0
Hvidovre;I alt;122 år;2025M02;0
Hvidovre;I alt;122 år;2025M03;0
Hvidovre;I alt;122 år;2025M04;0
Hvidovre;I alt;122 år;2025M05;0
Hvidovre;I alt;122 år;2025M06;0
Hvidovre;I alt;122 år;2025M07;0
Hvidovre;I alt;122 år;2025M08;0
Hvidovre;I alt;122 år;2025M09;0
Hvidovre;I alt;122 år;2025M10;0
Hvidovre;I alt;122 år;2025M11;0
Hvidovre;I alt;122 år;2025M12;0
Hvidovre;I alt;122 år;2026M01;0
Hvidovre;I alt;122 år;2026M02;0
Hvidovre;I alt;122 år;2026M03;0
Hvidovre;I alt;122 år;2026M04;0
Hvidovre;I alt;123 år;2025M01;0
Hvidovre;I alt;123 år;2025M02;0
Hvidovre;I alt;123 år;2025M03;0
Hvidovre;I alt;123 år;2025M04;0
Hvidovre;I alt;123 år;2025M05;0
Hvidovre;I alt;123 år;2025M06;0
Hvidovre;I alt;123 år;2025M07;0
Hvidovre;I alt;123 år;2025M08;0
Hvidovre;I alt;123 år;2025M09;0
Hvidovre;I alt;123 år;2025M10;0
Hvidovre;I alt;123 år;2025M11;0
Hvidovre;I alt;123 år;2025M12;0
Hvidovre;I alt;123 år;2026M01;0
Hvidovre;I alt;123 år;2026M02;0
Hvidovre;I alt;123 år;2026M03;0
Hvidovre;I alt;123 år;2026M04;0
Hvidovre;I alt;124 år;2025M01;0
Hvidovre;I alt;124 år;2025M02;0
Hvidovre;I alt;124 år;2025M03;0
Hvidovre;I alt;124 år;2025M04;0
Hvidovre;I alt;124 år;2025M05;0
Hvidovre;I alt;124 år;2025M06;0
Hvidovre;I alt;124 år;2025M07;0
Hvidovre;I alt;124 år;2025M08;0
Hvidovre;I alt;124 år;2025M09;0
Hvidovre;I alt;124 år;2025M10;0
Hvidovre;I alt;124 år;2025M11;0
Hvidovre;I alt;124 år;2025M12;0
Hvidovre;I alt;124 år;2026M01;0
Hvidovre;I alt;124 år;2026M02;0
Hvidovre;I alt;124 år;2026M03;0
Hvidovre;I alt;124 år;2026M04;0
Hvidovre;I alt;125 år;2025M01;0
Hvidovre;I alt;125 år;2025M02;0
Hvidovre;I alt;125 år;2025M03;0
Hvidovre;I alt;125 år;2025M04;0
Hvidovre;I alt;125 år;2025M05;0
Hvidovre;I alt;125 år;2025M06;0
Hvidovre;I alt;125 år;2025M07;0
Hvidovre;I alt;125 år;2025M08;0
Hvidovre;I alt;125 år;2025M09;0
Hvidovre;I alt;125 år;2025M10;0
Hvidovre;I alt;125 år;2025M11;0
Hvidovre;I alt;125 år;2025M12;0
Hvidovre;I alt;125 år;2026M01;0
Hvidovre;I alt;125 år;2026M02;0
Hvidovre;I alt;125 år;2026M03;0
Hvidovre;I alt;125 år;2026M04;0
